player.name,profile_url
Matej Kovar,https://www.transfermarkt.com/matej-kovar/profil/spieler/550829
Patrick Pentz,https://www.transfermarkt.com/patrick-pentz/profil/spieler/223972
Lukas Hradecky,https://www.transfermarkt.com/lukas-hradecky/profil/spieler/48015
Niklas Lomb,https://www.transfermarkt.com/niklas-lomb/profil/spieler/85543
Edmond Tapsoba,https://www.transfermarkt.com/edmond-tapsoba/profil/spieler/564545
Piero Hincapié,https://www.transfermarkt.com/piero-hincapie/profil/spieler/659813
Odilon Kossounou,https://www.transfermarkt.com/odilon-kossounou/profil/spieler/644771
Jonathan Tah,https://www.transfermarkt.com/jonathan-tah/profil/spieler/196357
Reno Münz,https://www.transfermarkt.com/reno-munz/profil/spieler/934645
Madi Monamay,https://www.transfermarkt.com/madi-monamay/profil/spieler/937113
Alejandro Grimaldo,https://www.transfermarkt.com/alejandro-grimaldo/profil/spieler/193082
Jeremie Frimpong,https://www.transfermarkt.com/jeremie-frimpong/profil/spieler/484547
Josip Stanisic,https://www.transfermarkt.com/josip-stanisic/profil/spieler/483046
Arthur,https://www.transfermarkt.com/arthur/profil/spieler/977464
Timothy Fosu-Mensah,https://www.transfermarkt.com/timothy-fosu-mensah/profil/spieler/315131
Granit Xhaka,https://www.transfermarkt.com/granit-xhaka/profil/spieler/111455
Robert Andrich,https://www.transfermarkt.com/robert-andrich/profil/spieler/159088
Exequiel Palacios,https://www.transfermarkt.com/exequiel-palacios/profil/spieler/401578
Nadiem Amiri,https://www.transfermarkt.com/nadiem-amiri/profil/spieler/232454
Gustavo Puerta,https://www.transfermarkt.com/gustavo-puerta/profil/spieler/936981
Noah Mbamba,https://www.transfermarkt.com/noah-mbamba/profil/spieler/743395
Florian Wirtz,https://www.transfermarkt.com/florian-wirtz/profil/spieler/598577
Jonas Hofmann,https://www.transfermarkt.com/jonas-hofmann/profil/spieler/7161
Ayman Aourir,https://www.transfermarkt.com/ayman-aourir/profil/spieler/696027
Francis Onyeka,https://www.transfermarkt.com/francis-onyeka/profil/spieler/929943
Amine Adli,https://www.transfermarkt.com/amine-adli/profil/spieler/532776
Nathan Tella,https://www.transfermarkt.com/nathan-tella/profil/spieler/340322
Victor Boniface,https://www.transfermarkt.com/victor-boniface/profil/spieler/656681
Patrik Schick,https://www.transfermarkt.com/patrik-schick/profil/spieler/242086
Adam Hlozek,https://www.transfermarkt.com/adam-hlozek/profil/spieler/552057
Borja Iglesias,https://www.transfermarkt.com/borja-iglesias/profil/spieler/278359
Ken Izekor,https://www.transfermarkt.com/ken-izekor/profil/spieler/929912
Kevin Müller,https://www.transfermarkt.com/kevin-muller/profil/spieler/43824
Vitus Eicher,https://www.transfermarkt.com/vitus-eicher/profil/spieler/57796
Frank Feller,https://www.transfermarkt.com/frank-feller/profil/spieler/806948
Paul Tschernuth,https://www.transfermarkt.com/paul-tschernuth/profil/spieler/519035
Benedikt Gimber,https://www.transfermarkt.com/benedikt-gimber/profil/spieler/227084
Patrick Mainka,https://www.transfermarkt.com/patrick-mainka/profil/spieler/133731
Tim Siersleben,https://www.transfermarkt.com/tim-siersleben/profil/spieler/337092
Thomas Keller,https://www.transfermarkt.com/thomas-keller/profil/spieler/485747
Jonas Föhrenbach,https://www.transfermarkt.com/jonas-fohrenbach/profil/spieler/192169
Seedy Jarju,https://www.transfermarkt.com/seedy-jarju/profil/spieler/824353
Omar Traoré,https://www.transfermarkt.com/omar-traore/profil/spieler/388294
Marnon Busch,https://www.transfermarkt.com/marnon-busch/profil/spieler/117478
Lennard Maloney,https://www.transfermarkt.com/lennard-maloney/profil/spieler/392710
Norman Theuerkauf,https://www.transfermarkt.com/norman-theuerkauf/profil/spieler/31599
Luka Janes,https://www.transfermarkt.com/luka-janes/profil/spieler/825971
Jan Schöppner,https://www.transfermarkt.com/jan-schoppner/profil/spieler/581357
Kevin Sessa,https://www.transfermarkt.com/kevin-sessa/profil/spieler/448028
Adrian Beck,https://www.transfermarkt.com/adrian-beck/profil/spieler/273669
Denis Thomalla,https://www.transfermarkt.com/denis-thomalla/profil/spieler/94030
Christian Kühlwetter,https://www.transfermarkt.com/christian-kuhlwetter/profil/spieler/184204
Niklas Beste,https://www.transfermarkt.com/niklas-beste/profil/spieler/342967
Eren Dinkçi,https://www.transfermarkt.com/eren-dinkci/profil/spieler/645774
Florian Pick,https://www.transfermarkt.com/florian-pick/profil/spieler/191359
Nikola Dovedan,https://www.transfermarkt.com/nikola-dovedan/profil/spieler/120189
Tim Kleindienst,https://www.transfermarkt.com/tim-kleindienst/profil/spieler/193033
Marvin Pieringer,https://www.transfermarkt.com/marvin-pieringer/profil/spieler/471055
Stefan Schimmer,https://www.transfermarkt.com/stefan-schimmer/profil/spieler/394033
Elidon Qenaj,https://www.transfermarkt.com/elidon-qenaj/profil/spieler/741149
Koen Casteels,https://www.transfermarkt.com/koen-casteels/profil/spieler/108880
Pavao Pervan,https://www.transfermarkt.com/pavao-pervan/profil/spieler/51977
Philipp Schulze,https://www.transfermarkt.com/philipp-schulze/profil/spieler/574203
Niklas Klinger,https://www.transfermarkt.com/niklas-klinger/profil/spieler/192268
Maxence Lacroix,https://www.transfermarkt.com/maxence-lacroix/profil/spieler/434224
Moritz Jenz,https://www.transfermarkt.com/moritz-jenz/profil/spieler/460245
Sebastiaan Bornauw,https://www.transfermarkt.com/sebastiaan-bornauw/profil/spieler/338629
Cédric Zesiger,https://www.transfermarkt.com/cedric-zesiger/profil/spieler/382478
Anders Børset,https://www.transfermarkt.com/anders-borset/profil/spieler/923499
Felix Lange,https://www.transfermarkt.com/felix-lange/profil/spieler/798773
Joakim Maehle,https://www.transfermarkt.com/joakim-maehle/profil/spieler/369674
Rogério,https://www.transfermarkt.com/rogerio/profil/spieler/401527
Nicolas Cozza,https://www.transfermarkt.com/nicolas-cozza/profil/spieler/485965
Ridle Baku,https://www.transfermarkt.com/ridle-baku/profil/spieler/327251
Kilian Fischer,https://www.transfermarkt.com/kilian-fischer/profil/spieler/435796
Kofi Amoako,https://www.transfermarkt.com/kofi-amoako/profil/spieler/814950
Aster Vranckx,https://www.transfermarkt.com/aster-vranckx/profil/spieler/503881
Mattias Svanberg,https://www.transfermarkt.com/mattias-svanberg/profil/spieler/342405
Maximilian Arnold,https://www.transfermarkt.com/maximilian-arnold/profil/spieler/117674
Yannick Gerhardt,https://www.transfermarkt.com/yannick-gerhardt/profil/spieler/119277
Kevin Paredes,https://www.transfermarkt.com/kevin-paredes/profil/spieler/711517
Lovro Majer,https://www.transfermarkt.com/lovro-majer/profil/spieler/387106
Jakub Kaminski,https://www.transfermarkt.com/jakub-kaminski/profil/spieler/407098
Ulysses Llanez,https://www.transfermarkt.com/ulysses-llanez/profil/spieler/469858
Patrick Wimmer,https://www.transfermarkt.com/patrick-wimmer/profil/spieler/533295
Vaclav Cerny,https://www.transfermarkt.com/vaclav-cerny/profil/spieler/242063
Bennit Bröger,https://www.transfermarkt.com/bennit-broger/profil/spieler/897479
Jonas Wind,https://www.transfermarkt.com/jonas-wind/profil/spieler/391004
Tiago Tomás,https://www.transfermarkt.com/tiago-tomas/profil/spieler/616344
Lukas Nmecha,https://www.transfermarkt.com/lukas-nmecha/profil/spieler/314288
Amin Sarr,https://www.transfermarkt.com/amin-sarr/profil/spieler/748382
Kevin Behrens,https://www.transfermarkt.com/kevin-behrens/profil/spieler/117432
Dzenan Pejcinovic,https://www.transfermarkt.com/dzenan-pejcinovic/profil/spieler/819636
Marvin Schwäbe,https://www.transfermarkt.com/marvin-schwabe/profil/spieler/160929
Philipp Pentke,https://www.transfermarkt.com/philipp-pentke/profil/spieler/8246
Jonas Nickisch,https://www.transfermarkt.com/jonas-nickisch/profil/spieler/665971
Matthias Köbbing,https://www.transfermarkt.com/matthias-kobbing/profil/spieler/227089
Jeff Chabot,https://www.transfermarkt.com/jeff-chabot/profil/spieler/303219
Timo Hübers,https://www.transfermarkt.com/timo-hubers/profil/spieler/236981
Luca Kilian,https://www.transfermarkt.com/luca-kilian/profil/spieler/384553
Dominique Heintz,https://www.transfermarkt.com/dominique-heintz/profil/spieler/110036
Elias Bakatukanda,https://www.transfermarkt.com/elias-bakatukanda/profil/spieler/795762
Max Finkgräfe,https://www.transfermarkt.com/max-finkgrafe/profil/spieler/810649
Leart Paçarada,https://www.transfermarkt.com/leart-pacarada/profil/spieler/107219
Kristian Pedersen,https://www.transfermarkt.com/kristian-pedersen/profil/spieler/331779
Noah Katterbach,https://www.transfermarkt.com/noah-katterbach/profil/spieler/469949
Eric Martel,https://www.transfermarkt.com/eric-martel/profil/spieler/597000
Dejan Ljubicic,https://www.transfermarkt.com/dejan-ljubicic/profil/spieler/287188
Benno Schmitz,https://www.transfermarkt.com/benno-schmitz/profil/spieler/160968
Jacob Christensen,https://www.transfermarkt.com/jacob-christensen/profil/spieler/515017
Mathias Olesen,https://www.transfermarkt.com/mathias-olesen/profil/spieler/490581
Denis Huseinbasic,https://www.transfermarkt.com/denis-huseinbasic/profil/spieler/678479
Rasmus Carstensen,https://www.transfermarkt.com/rasmus-carstensen/profil/spieler/542697
Florian Kainz,https://www.transfermarkt.com/florian-kainz/profil/spieler/106270
Linton Maina,https://www.transfermarkt.com/linton-maina/profil/spieler/335103
Faride Alidou,https://www.transfermarkt.com/faride-alidou/profil/spieler/456492
Justin Diehl,https://www.transfermarkt.com/justin-diehl/profil/spieler/720162
Jan Thielmann,https://www.transfermarkt.com/jan-thielmann/profil/spieler/472249
Dimitrios Limnios,https://www.transfermarkt.com/dimitrios-limnios/profil/spieler/324344
Davie Selke,https://www.transfermarkt.com/davie-selke/profil/spieler/178459
Luca Waldschmidt,https://www.transfermarkt.com/luca-waldschmidt/profil/spieler/196095
Damion Downs,https://www.transfermarkt.com/damion-downs/profil/spieler/820241
Steffen Tigges,https://www.transfermarkt.com/steffen-tigges/profil/spieler/296879
Mark Uth,https://www.transfermarkt.com/mark-uth/profil/spieler/112935
Sargis Adamyan,https://www.transfermarkt.com/sargis-adamyan/profil/spieler/125614
Florian Dietz,https://www.transfermarkt.com/florian-dietz/profil/spieler/283871
Péter Gulácsi,https://www.transfermarkt.com/peter-gulacsi/profil/spieler/57071
Janis Blaswich,https://www.transfermarkt.com/janis-blaswich/profil/spieler/81173
Timo Schlieck,https://www.transfermarkt.com/timo-schlieck/profil/spieler/897425
Leopold Zingerle,https://www.transfermarkt.com/leopold-zingerle/profil/spieler/160971
Castello Lukeba,https://www.transfermarkt.com/castello-lukeba/profil/spieler/618472
Mohamed Simakan,https://www.transfermarkt.com/mohamed-simakan/profil/spieler/666234
El Chadaille Bitshiabu,https://www.transfermarkt.com/el-chadaille-bitshiabu/profil/spieler/787912
Willi Orbán,https://www.transfermarkt.com/willi-orban/profil/spieler/93740
Lukas Klostermann,https://www.transfermarkt.com/lukas-klostermann/profil/spieler/215599
Jonathan Norbye,https://www.transfermarkt.com/jonathan-norbye/profil/spieler/1006916
Tim Köhler,https://www.transfermarkt.com/tim-kohler/profil/spieler/913429
David Raum,https://www.transfermarkt.com/david-raum/profil/spieler/318204
Christopher Lenz,https://www.transfermarkt.com/christopher-lenz/profil/spieler/159844
Benjamin Henrichs,https://www.transfermarkt.com/benjamin-henrichs/profil/spieler/202591
Hugo Novoa,https://www.transfermarkt.com/hugo-novoa/profil/spieler/668276
Nicolas Seiwald,https://www.transfermarkt.com/nicolas-seiwald/profil/spieler/404950
Xaver Schlager,https://www.transfermarkt.com/xaver-schlager/profil/spieler/223979
Amadou Haidara,https://www.transfermarkt.com/amadou-haidara/profil/spieler/402008
Kevin Kampl,https://www.transfermarkt.com/kevin-kampl/profil/spieler/53418
Ilaix Moriba,https://www.transfermarkt.com/ilaix-moriba/profil/spieler/617074
Xavi Simons,https://www.transfermarkt.com/xavi-simons/profil/spieler/566931
Dani Olmo,https://www.transfermarkt.com/dani-olmo/profil/spieler/293385
Eljif Elmas,https://www.transfermarkt.com/eljif-elmas/profil/spieler/400489
Christoph Baumgartner,https://www.transfermarkt.com/christoph-baumgartner/profil/spieler/324278
Fábio Carvalho,https://www.transfermarkt.com/fabio-carvalho/profil/spieler/559263
Nuha Jatta,https://www.transfermarkt.com/nuha-jatta/profil/spieler/974561
Emil Forsberg,https://www.transfermarkt.com/emil-forsberg/profil/spieler/111078
Loïs Openda,https://www.transfermarkt.com/lois-openda/profil/spieler/368887
Benjamin Sesko,https://www.transfermarkt.com/benjamin-sesko/profil/spieler/627442
Timo Werner,https://www.transfermarkt.com/timo-werner/profil/spieler/170527
Yussuf Poulsen,https://www.transfermarkt.com/yussuf-poulsen/profil/spieler/157635
Yannick Eduardo,https://www.transfermarkt.com/yannick-eduardo/profil/spieler/930998
Alexander Nübel,https://www.transfermarkt.com/alexander-nubel/profil/spieler/195778
Fabian Bredlow,https://www.transfermarkt.com/fabian-bredlow/profil/spieler/187624
Dennis Seimen,https://www.transfermarkt.com/dennis-seimen/profil/spieler/800946
Florian Schock,https://www.transfermarkt.com/florian-schock/profil/spieler/470816
Hiroki Ito,https://www.transfermarkt.com/hiroki-ito/profil/spieler/353892
Konstantinos Mavropanos,https://www.transfermarkt.com/konstantinos-mavropanos/profil/spieler/415912
Waldemar Anton,https://www.transfermarkt.com/waldemar-anton/profil/spieler/193004
Dan-Axel Zagadou,https://www.transfermarkt.com/dan-axel-zagadou/profil/spieler/344598
Anthony Rouault,https://www.transfermarkt.com/anthony-rouault/profil/spieler/690799
Anrie Chase,https://www.transfermarkt.com/anrie-chase/profil/spieler/948537
Maximilian Mittelstädt,https://www.transfermarkt.com/maximilian-mittelstadt/profil/spieler/282660
Borna Sosa,https://www.transfermarkt.com/borna-sosa/profil/spieler/293194
Moussa Cissé,https://www.transfermarkt.com/moussa-cisse/profil/spieler/620312
Josha Vagnoman,https://www.transfermarkt.com/josha-vagnoman/profil/spieler/448258
Leonidas Stergiou,https://www.transfermarkt.com/leonidas-stergiou/profil/spieler/507345
Pascal Stenzel,https://www.transfermarkt.com/pascal-stenzel/profil/spieler/195246
Angelo Stiller,https://www.transfermarkt.com/angelo-stiller/profil/spieler/443710
Wataru Endo,https://www.transfermarkt.com/wataru-endo/profil/spieler/146310
Atakan Karazor,https://www.transfermarkt.com/atakan-karazor/profil/spieler/232320
Samuele Di Benedetto,https://www.transfermarkt.com/samuele-di-benedetto/profil/spieler/826064
Mahmoud Dahoud,https://www.transfermarkt.com/mahmoud-dahoud/profil/spieler/191422
Nikolas Nartey,https://www.transfermarkt.com/nikolas-nartey/profil/spieler/400546
Enzo Millot,https://www.transfermarkt.com/enzo-millot/profil/spieler/569366
Woo-yeong Jeong,https://www.transfermarkt.com/woo-yeong-jeong/profil/spieler/297583
Lilian Egloff,https://www.transfermarkt.com/lilian-egloff/profil/spieler/472243
Genki Haraguchi,https://www.transfermarkt.com/genki-haraguchi/profil/spieler/79377
Laurin Ulrich,https://www.transfermarkt.com/laurin-ulrich/profil/spieler/717465
Raul Paula,https://www.transfermarkt.com/raul-paula/profil/spieler/716756
Chris Führich,https://www.transfermarkt.com/chris-fuhrich/profil/spieler/272278
Silas,https://www.transfermarkt.com/silas/profil/spieler/612826
Jamie Leweling,https://www.transfermarkt.com/jamie-leweling/profil/spieler/518505
Roberto Massimo,https://www.transfermarkt.com/roberto-massimo/profil/spieler/431561
Luca Raimund,https://www.transfermarkt.com/luca-raimund/profil/spieler/907489
Serhou Guirassy,https://www.transfermarkt.com/serhou-guirassy/profil/spieler/270541
Deniz Undav,https://www.transfermarkt.com/deniz-undav/profil/spieler/339314
Mohamed Sankoh,https://www.transfermarkt.com/mohamed-sankoh/profil/spieler/572919
Jovan Milosevic,https://www.transfermarkt.com/jovan-milosevic/profil/spieler/943795
Thomas Kastanaras,https://www.transfermarkt.com/thomas-kastanaras/profil/spieler/675565
Oliver Baumann,https://www.transfermarkt.com/oliver-baumann/profil/spieler/55089
Nahuel Noll,https://www.transfermarkt.com/nahuel-noll/profil/spieler/600942
Luca Philipp,https://www.transfermarkt.com/luca-philipp/profil/spieler/432671
Ozan Kabak,https://www.transfermarkt.com/ozan-kabak/profil/spieler/361260
Attila Szalai,https://www.transfermarkt.com/attila-szalai/profil/spieler/263380
Kevin Akpoguma,https://www.transfermarkt.com/kevin-akpoguma/profil/spieler/160241
Stanley Nsoki,https://www.transfermarkt.com/stanley-nsoki/profil/spieler/371141
Tim Drexler,https://www.transfermarkt.com/tim-drexler/profil/spieler/822958
Kevin Vogt,https://www.transfermarkt.com/kevin-vogt/profil/spieler/84435
John Brooks,https://www.transfermarkt.com/john-brooks/profil/spieler/124732
Joshua Quarshie,https://www.transfermarkt.com/joshua-quarshie/profil/spieler/790918
Kasim Adams,https://www.transfermarkt.com/kasim-adams/profil/spieler/263801
David Jurásek,https://www.transfermarkt.com/david-jurasek/profil/spieler/500054
Anton Stach,https://www.transfermarkt.com/anton-stach/profil/spieler/344069
Florian Grillitsch,https://www.transfermarkt.com/florian-grillitsch/profil/spieler/195736
Diadié Samassékou,https://www.transfermarkt.com/diadie-samassekou/profil/spieler/315604
Grischa Prömel,https://www.transfermarkt.com/grischa-promel/profil/spieler/234029
Umut Tohumcu,https://www.transfermarkt.com/umut-tohumcu/profil/spieler/569031
Tom Bischof,https://www.transfermarkt.com/tom-bischof/profil/spieler/822959
Dennis Geiger,https://www.transfermarkt.com/dennis-geiger/profil/spieler/251309
Finn Becker,https://www.transfermarkt.com/finn-becker/profil/spieler/334999
Marco John,https://www.transfermarkt.com/marco-john/profil/spieler/450234
Pavel Kaderabek,https://www.transfermarkt.com/pavel-kaderabek/profil/spieler/143798
Robert Skov,https://www.transfermarkt.com/robert-skov/profil/spieler/270393
Andrej Kramaric,https://www.transfermarkt.com/andrej-kramaric/profil/spieler/46580
Julian Justvan,https://www.transfermarkt.com/julian-justvan/profil/spieler/324861
Bambasé Conté,https://www.transfermarkt.com/bambase-conte/profil/spieler/574193
Marius Bülter,https://www.transfermarkt.com/marius-bulter/profil/spieler/116088
Maximilian Beier,https://www.transfermarkt.com/maximilian-beier/profil/spieler/578392
Mergim Berisha,https://www.transfermarkt.com/mergim-berisha/profil/spieler/307924
Wout Weghorst,https://www.transfermarkt.com/wout-weghorst/profil/spieler/228645
Ihlas Bebou,https://www.transfermarkt.com/ihlas-bebou/profil/spieler/237164
Max Moerstedt,https://www.transfermarkt.com/max-moerstedt/profil/spieler/923595
Robin Zentner,https://www.transfermarkt.com/robin-zentner/profil/spieler/160963
Daniel Batz,https://www.transfermarkt.com/daniel-batz/profil/spieler/90317
Lasse Rieß,https://www.transfermarkt.com/lasse-riess/profil/spieler/490609
Sepp van den Berg,https://www.transfermarkt.com/sepp-van-den-berg/profil/spieler/541231
Andreas Hanche-Olsen,https://www.transfermarkt.com/andreas-hanche-olsen/profil/spieler/370683
Dominik Kohr,https://www.transfermarkt.com/dominik-kohr/profil/spieler/118847
Maxim Leitsch,https://www.transfermarkt.com/maxim-leitsch/profil/spieler/334207
Danny da Costa,https://www.transfermarkt.com/danny-da-costa/profil/spieler/85906
Stefan Bell,https://www.transfermarkt.com/stefan-bell/profil/spieler/82350
Lasse Wilhelm,https://www.transfermarkt.com/lasse-wilhelm/profil/spieler/692020
Maxim Dal,https://www.transfermarkt.com/maxim-dal/profil/spieler/934317
Phillipp Mwene,https://www.transfermarkt.com/phillipp-mwene/profil/spieler/127573
Tim Müller,https://www.transfermarkt.com/tim-muller/profil/spieler/912438
Anthony Caci,https://www.transfermarkt.com/anthony-caci/profil/spieler/453016
Silvan Widmer,https://www.transfermarkt.com/silvan-widmer/profil/spieler/168989
Tom Krauß,https://www.transfermarkt.com/tom-krauss/profil/spieler/405687
Edimilson Fernandes,https://www.transfermarkt.com/edimilson-fernandes/profil/spieler/247555
Josuha Guilavogui,https://www.transfermarkt.com/josuha-guilavogui/profil/spieler/93704
Leandro Barreiro,https://www.transfermarkt.com/leandro-barreiro/profil/spieler/357233
Merveille Papela,https://www.transfermarkt.com/merveille-papela/profil/spieler/405689
Brajan Gruda,https://www.transfermarkt.com/brajan-gruda/profil/spieler/700106
Jae-sung Lee,https://www.transfermarkt.com/jae-sung-lee/profil/spieler/314398
Marco Richter,https://www.transfermarkt.com/marco-richter/profil/spieler/279009
Aymen Barkok,https://www.transfermarkt.com/aymen-barkok/profil/spieler/315332
Anwar El Ghazi,https://www.transfermarkt.com/anwar-el-ghazi/profil/spieler/183720
David Mamutovic,https://www.transfermarkt.com/david-mamutovic/profil/spieler/361508
Jonathan Burkardt,https://www.transfermarkt.com/jonathan-burkardt/profil/spieler/333647
Nelson Weiper,https://www.transfermarkt.com/nelson-weiper/profil/spieler/796213
Ludovic Ajorque,https://www.transfermarkt.com/ludovic-ajorque/profil/spieler/283994
Karim Onisiwo,https://www.transfermarkt.com/karim-onisiwo/profil/spieler/119234
Jessic Ngankam,https://www.transfermarkt.com/jessic-ngankam/profil/spieler/448177
Marcus Müller,https://www.transfermarkt.com/marcus-muller/profil/spieler/698523
Gregor Kobel,https://www.transfermarkt.com/gregor-kobel/profil/spieler/257814
Marcel Lotka,https://www.transfermarkt.com/marcel-lotka/profil/spieler/453737
Alexander Meyer,https://www.transfermarkt.com/alexander-meyer/profil/spieler/76158
Nico Schlotterbeck,https://www.transfermarkt.com/nico-schlotterbeck/profil/spieler/388198
Niklas Süle,https://www.transfermarkt.com/niklas-sule/profil/spieler/166601
Emre Can,https://www.transfermarkt.com/emre-can/profil/spieler/119296
Ramy Bensebaini,https://www.transfermarkt.com/ramy-bensebaini/profil/spieler/284732
Mats Hummels,https://www.transfermarkt.com/mats-hummels/profil/spieler/39728
Hendry Blank,https://www.transfermarkt.com/hendry-blank/profil/spieler/804831
Antonios Papadopoulos,https://www.transfermarkt.com/antonios-papadopoulos/profil/spieler/482573
Ian Maatsen,https://www.transfermarkt.com/ian-maatsen/profil/spieler/485585
Guille Bueno,https://www.transfermarkt.com/guille-bueno/profil/spieler/854079
Julian Ryerson,https://www.transfermarkt.com/julian-ryerson/profil/spieler/370789
Marius Wolf,https://www.transfermarkt.com/marius-wolf/profil/spieler/193900
Thomas Meunier,https://www.transfermarkt.com/thomas-meunier/profil/spieler/100986
Mateu Morey,https://www.transfermarkt.com/mateu-morey/profil/spieler/388513
Salih Özcan,https://www.transfermarkt.com/salih-ozcan/profil/spieler/244940
Abdoulaye Kamara,https://www.transfermarkt.com/abdoulaye-kamara/profil/spieler/718232
Felix Nmecha,https://www.transfermarkt.com/felix-nmecha/profil/spieler/406640
Marcel Sabitzer,https://www.transfermarkt.com/marcel-sabitzer/profil/spieler/106987
Kjell Wätjen,https://www.transfermarkt.com/kjell-watjen/profil/spieler/884810
Julian Brandt,https://www.transfermarkt.com/julian-brandt/profil/spieler/187492
Giovanni Reyna,https://www.transfermarkt.com/giovanni-reyna/profil/spieler/504215
Thorgan Hazard,https://www.transfermarkt.com/thorgan-hazard/profil/spieler/102226
Marco Reus,https://www.transfermarkt.com/marco-reus/profil/spieler/35207
Ole Pohlmann,https://www.transfermarkt.com/ole-pohlmann/profil/spieler/405690
Jadon Sancho,https://www.transfermarkt.com/jadon-sancho/profil/spieler/401173
Jamie Gittens,https://www.transfermarkt.com/jamie-gittens/profil/spieler/670882
Julien Duranville,https://www.transfermarkt.com/julien-duranville/profil/spieler/819215
Karim Adeyemi,https://www.transfermarkt.com/karim-adeyemi/profil/spieler/496094
Samuel Bamba,https://www.transfermarkt.com/samuel-bamba/profil/spieler/684318
Donyell Malen,https://www.transfermarkt.com/donyell-malen/profil/spieler/326029
Youssoufa Moukoko,https://www.transfermarkt.com/youssoufa-moukoko/profil/spieler/467720
Niclas Füllkrug,https://www.transfermarkt.com/niclas-fullkrug/profil/spieler/75489
Sébastien Haller,https://www.transfermarkt.com/sebastien-haller/profil/spieler/181375
Paris Brunner,https://www.transfermarkt.com/paris-brunner/profil/spieler/918414
Manuel Riemann,https://www.transfermarkt.com/manuel-riemann/profil/spieler/40792
Niclas Thiede,https://www.transfermarkt.com/niclas-thiede/profil/spieler/348778
Andreas Luthe,https://www.transfermarkt.com/andreas-luthe/profil/spieler/41323
Michael Esser,https://www.transfermarkt.com/michael-esser/profil/spieler/61989
Hugo Rölleke,https://www.transfermarkt.com/hugo-rolleke/profil/spieler/930004
Keven Schlotterbeck,https://www.transfermarkt.com/keven-schlotterbeck/profil/spieler/413843
Erhan Masovic,https://www.transfermarkt.com/erhan-masovic/profil/spieler/343959
Tim Oermann,https://www.transfermarkt.com/tim-oermann/profil/spieler/696164
Ivan Ordets,https://www.transfermarkt.com/ivan-ordets/profil/spieler/118850
Noah Loosli,https://www.transfermarkt.com/noah-loosli/profil/spieler/265209
Mohammed Tolba,https://www.transfermarkt.com/mohammed-tolba/profil/spieler/813730
Bernardo,https://www.transfermarkt.com/bernardo/profil/spieler/364258
Maximilian Wittek,https://www.transfermarkt.com/maximilian-wittek/profil/spieler/196793
Danilo Soares,https://www.transfermarkt.com/danilo-soares/profil/spieler/154396
Moritz Römling,https://www.transfermarkt.com/moritz-romling/profil/spieler/452222
Felix Passlack,https://www.transfermarkt.com/felix-passlack/profil/spieler/274461
Cristian Gamboa,https://www.transfermarkt.com/cristian-gamboa/profil/spieler/121686
Jordi Osei-Tutu,https://www.transfermarkt.com/jordi-osei-tutu/profil/spieler/397099
Patrick Osterhage,https://www.transfermarkt.com/patrick-osterhage/profil/spieler/443331
Anthony Losilla,https://www.transfermarkt.com/anthony-losilla/profil/spieler/111266
Matus Bero,https://www.transfermarkt.com/matus-bero/profil/spieler/204047
Agon Elezi,https://www.transfermarkt.com/agon-elezi/profil/spieler/505324
Mats Pannewig,https://www.transfermarkt.com/mats-pannewig/profil/spieler/796221
Kevin Stöger,https://www.transfermarkt.com/kevin-stoger/profil/spieler/106872
Philipp Förster,https://www.transfermarkt.com/philipp-forster/profil/spieler/179635
Lukas Daschner,https://www.transfermarkt.com/lukas-daschner/profil/spieler/334213
Moritz-Broni Kwarteng,https://www.transfermarkt.com/moritz-broni-kwarteng/profil/spieler/316575
Christopher Antwi-Adjei,https://www.transfermarkt.com/christopher-antwi-adjei/profil/spieler/289182
Takuma Asano,https://www.transfermarkt.com/takuma-asano/profil/spieler/245744
Moritz Broschinski,https://www.transfermarkt.com/moritz-broschinski/profil/spieler/406973
Philipp Hofmann,https://www.transfermarkt.com/philipp-hofmann/profil/spieler/119037
Gonçalo Paciência,https://www.transfermarkt.com/goncalo-paciencia/profil/spieler/181547
Simon Zoller,https://www.transfermarkt.com/simon-zoller/profil/spieler/79967
Lys Mousset,https://www.transfermarkt.com/lys-mousset/profil/spieler/291422
Frederik Rönnow,https://www.transfermarkt.com/frederik-ronnow/profil/spieler/107775
Alexander Schwolow,https://www.transfermarkt.com/alexander-schwolow/profil/spieler/93763
Jakob Busk,https://www.transfermarkt.com/jakob-busk/profil/spieler/203411
Yannic Stein,https://www.transfermarkt.com/yannic-stein/profil/spieler/698840
Danilho Doekhi,https://www.transfermarkt.com/danilho-doekhi/profil/spieler/387047
Diogo Leite,https://www.transfermarkt.com/diogo-leite/profil/spieler/357156
Robin Knoche,https://www.transfermarkt.com/robin-knoche/profil/spieler/94201
Paul Jaeckel,https://www.transfermarkt.com/paul-jaeckel/profil/spieler/284248
Leonardo Bonucci,https://www.transfermarkt.com/leonardo-bonucci/profil/spieler/39983
Oluwaseun Ogbemudia,https://www.transfermarkt.com/oluwaseun-ogbemudia/profil/spieler/995520
Robin Gosens,https://www.transfermarkt.com/robin-gosens/profil/spieler/273132
Jérôme Roussillon,https://www.transfermarkt.com/jerome-roussillon/profil/spieler/127076
Laurenz Dehl,https://www.transfermarkt.com/laurenz-dehl/profil/spieler/451403
Josip Juranovic,https://www.transfermarkt.com/josip-juranovic/profil/spieler/362977
Christopher Trimmel,https://www.transfermarkt.com/christopher-trimmel/profil/spieler/75921
Rani Khedira,https://www.transfermarkt.com/rani-khedira/profil/spieler/124410
Aljoscha Kemlein,https://www.transfermarkt.com/aljoscha-kemlein/profil/spieler/692737
Lucas Tousart,https://www.transfermarkt.com/lucas-tousart/profil/spieler/353948
Aïssa Laïdouni,https://www.transfermarkt.com/aissa-laidouni/profil/spieler/233782
András Schäfer,https://www.transfermarkt.com/andras-schafer/profil/spieler/454863
Alex Král,https://www.transfermarkt.com/alex-kral/profil/spieler/337333
Janik Haberer,https://www.transfermarkt.com/janik-haberer/profil/spieler/177779
Tim Schleinitz,https://www.transfermarkt.com/tim-schleinitz/profil/spieler/908952
Brenden Aaronson,https://www.transfermarkt.com/brenden-aaronson/profil/spieler/393323
Kevin Volland,https://www.transfermarkt.com/kevin-volland/profil/spieler/82009
Milos Pantovic,https://www.transfermarkt.com/milos-pantovic/profil/spieler/232144
Sheraldo Becker,https://www.transfermarkt.com/sheraldo-becker/profil/spieler/188888
David Datro Fofana,https://www.transfermarkt.com/david-datro-fofana/profil/spieler/787232
Yorbe Vertessen,https://www.transfermarkt.com/yorbe-vertessen/profil/spieler/409517
Jordan,https://www.transfermarkt.com/jordan/profil/spieler/355369
Benedict Hollerbach,https://www.transfermarkt.com/benedict-hollerbach/profil/spieler/453870
Mikkel Kaufmann,https://www.transfermarkt.com/mikkel-kaufmann/profil/spieler/545332
Chris Bedia,https://www.transfermarkt.com/chris-bedia/profil/spieler/294791
Michael Zetterer,https://www.transfermarkt.com/michael-zetterer/profil/spieler/196813
Jiri Pavlenka,https://www.transfermarkt.com/jiri-pavlenka/profil/spieler/260053
Dudu,https://www.transfermarkt.com/dudu/profil/spieler/369258
Spyros Angelidis,https://www.transfermarkt.com/spyros-angelidis/profil/spieler/914853
Marco Friedl,https://www.transfermarkt.com/marco-friedl/profil/spieler/156990
Niklas Stark,https://www.transfermarkt.com/niklas-stark/profil/spieler/162434
Milos Veljkovic,https://www.transfermarkt.com/milos-veljkovic/profil/spieler/202228
Amos Pieper,https://www.transfermarkt.com/amos-pieper/profil/spieler/334221
Julián Malatini,https://www.transfermarkt.com/julian-malatini/profil/spieler/830108
Anthony Jung,https://www.transfermarkt.com/anthony-jung/profil/spieler/58995
Olivier Deman,https://www.transfermarkt.com/olivier-deman/profil/spieler/621802
Felix Agu,https://www.transfermarkt.com/felix-agu/profil/spieler/393512
Mitchell Weiser,https://www.transfermarkt.com/mitchell-weiser/profil/spieler/119211
Senne Lynen,https://www.transfermarkt.com/senne-lynen/profil/spieler/338668
Ilia Gruev,https://www.transfermarkt.com/ilia-gruev/profil/spieler/381753
Skelly Alvero,https://www.transfermarkt.com/skelly-alvero/profil/spieler/855134
Nicolai Rapp,https://www.transfermarkt.com/nicolai-rapp/profil/spieler/185427
Christian Groß,https://www.transfermarkt.com/christian-gross/profil/spieler/58396
Jens Stage,https://www.transfermarkt.com/jens-stage/profil/spieler/289835
Leonardo Bittencourt,https://www.transfermarkt.com/leonardo-bittencourt/profil/spieler/93844
Naby Keïta,https://www.transfermarkt.com/naby-keita/profil/spieler/302215
Jakob Löpping,https://www.transfermarkt.com/jakob-lopping/profil/spieler/681740
Cimo Röcker,https://www.transfermarkt.com/cimo-rocker/profil/spieler/117482
Romano Schmid,https://www.transfermarkt.com/romano-schmid/profil/spieler/346853
Isak Hansen-Aarøen,https://www.transfermarkt.com/isak-hansen-aaroen/profil/spieler/670116
Leon Opitz,https://www.transfermarkt.com/leon-opitz/profil/spieler/825073
Kein Sato,https://www.transfermarkt.com/kein-sato/profil/spieler/948548
Justin Njinmah,https://www.transfermarkt.com/justin-njinmah/profil/spieler/596153
Marvin Ducksch,https://www.transfermarkt.com/marvin-ducksch/profil/spieler/125103
Rafael Borré,https://www.transfermarkt.com/rafael-borre/profil/spieler/323831
Nick Woltemade,https://www.transfermarkt.com/nick-woltemade/profil/spieler/455661
Dawid Kownacki,https://www.transfermarkt.com/dawid-kownacki/profil/spieler/208167
Oliver Burke,https://www.transfermarkt.com/oliver-burke/profil/spieler/341317
Joel Imasuen,https://www.transfermarkt.com/joel-imasuen/profil/spieler/797563
Finn Dahmen,https://www.transfermarkt.com/finn-dahmen/profil/spieler/251299
Tomas Koubek,https://www.transfermarkt.com/tomas-koubek/profil/spieler/146714
Marcel Lubik,https://www.transfermarkt.com/marcel-lubik/profil/spieler/656250
Felix Uduokhai,https://www.transfermarkt.com/felix-uduokhai/profil/spieler/278343
Maximilian Bauer,https://www.transfermarkt.com/maximilian-bauer/profil/spieler/388363
Patric Pfeiffer,https://www.transfermarkt.com/patric-pfeiffer/profil/spieler/391742
Jeffrey Gouweleeuw,https://www.transfermarkt.com/jeffrey-gouweleeuw/profil/spieler/106405
Japhet Tanganga,https://www.transfermarkt.com/japhet-tanganga/profil/spieler/346478
Reece Oxford,https://www.transfermarkt.com/reece-oxford/profil/spieler/314295
Frederik Winther,https://www.transfermarkt.com/frederik-winther/profil/spieler/569349
David Deger,https://www.transfermarkt.com/david-deger/profil/spieler/381260
Iago,https://www.transfermarkt.com/iago/profil/spieler/520468
Mads Pedersen,https://www.transfermarkt.com/mads-pedersen/profil/spieler/288429
Aaron Zehnter,https://www.transfermarkt.com/aaron-zehnter/profil/spieler/730484
David Colina,https://www.transfermarkt.com/david-colina/profil/spieler/371000
Kevin Mbabu,https://www.transfermarkt.com/kevin-mbabu/profil/spieler/183321
Robert Gumny,https://www.transfermarkt.com/robert-gumny/profil/spieler/353826
Raphael Framberger,https://www.transfermarkt.com/raphael-framberger/profil/spieler/146163
Kristijan Jakic,https://www.transfermarkt.com/kristijan-jakic/profil/spieler/374954
Niklas Dorsch,https://www.transfermarkt.com/niklas-dorsch/profil/spieler/251302
Tim Breithaupt,https://www.transfermarkt.com/tim-breithaupt/profil/spieler/569457
Mahmut Kücüksahin,https://www.transfermarkt.com/mahmut-kucuksahin/profil/spieler/730486
Arne Engels,https://www.transfermarkt.com/arne-engels/profil/spieler/565435
Arne Maier,https://www.transfermarkt.com/arne-maier/profil/spieler/296397
Elvis Rexhbecaj,https://www.transfermarkt.com/elvis-rexhbecaj/profil/spieler/280575
Fredrik Jensen,https://www.transfermarkt.com/fredrik-jensen/profil/spieler/249157
Pep Biel,https://www.transfermarkt.com/pep-biel/profil/spieler/263804
Mert Kömür,https://www.transfermarkt.com/mert-komur/profil/spieler/777005
Daniel Hausmann,https://www.transfermarkt.com/daniel-hausmann/profil/spieler/605572
Rubén Vargas,https://www.transfermarkt.com/ruben-vargas/profil/spieler/345886
Nathanaël Mbuku,https://www.transfermarkt.com/nathanael-mbuku/profil/spieler/557614
Masaya Okugawa,https://www.transfermarkt.com/masaya-okugawa/profil/spieler/307052
Sven Michel,https://www.transfermarkt.com/sven-michel/profil/spieler/186988
Ermedin Demirovic,https://www.transfermarkt.com/ermedin-demirovic/profil/spieler/335457
Phillip Tietz,https://www.transfermarkt.com/phillip-tietz/profil/spieler/288340
Dion Beljo,https://www.transfermarkt.com/dion-beljo/profil/spieler/618350
Irvin Cardona,https://www.transfermarkt.com/irvin-cardona/profil/spieler/342226
Marcel Schuhen,https://www.transfermarkt.com/marcel-schuhen/profil/spieler/93651
Alexander Brunst,https://www.transfermarkt.com/alexander-brunst/profil/spieler/146693
Morten Behrens,https://www.transfermarkt.com/morten-behrens/profil/spieler/274039
Max Wendt,https://www.transfermarkt.com/max-wendt/profil/spieler/849390
Christoph Klarer,https://www.transfermarkt.com/christoph-klarer/profil/spieler/346849
Matej Maglica,https://www.transfermarkt.com/matej-maglica/profil/spieler/433388
Clemens Riedel,https://www.transfermarkt.com/clemens-riedel/profil/spieler/692070
Christoph Zimmermann,https://www.transfermarkt.com/christoph-zimmermann/profil/spieler/77812
Jannik Müller,https://www.transfermarkt.com/jannik-muller/profil/spieler/119286
Thomas Isherwood,https://www.transfermarkt.com/thomas-isherwood/profil/spieler/322075
Bartol Franjic,https://www.transfermarkt.com/bartol-franjic/profil/spieler/370998
Emir Karic,https://www.transfermarkt.com/emir-karic/profil/spieler/286596
Frank Ronstadt,https://www.transfermarkt.com/frank-ronstadt/profil/spieler/270027
Fabian Holland,https://www.transfermarkt.com/fabian-holland/profil/spieler/54846
Matthias Bader,https://www.transfermarkt.com/matthias-bader/profil/spieler/237162
Asaf Arania,https://www.transfermarkt.com/asaf-arania/profil/spieler/917014
Andreas Müller,https://www.transfermarkt.com/andreas-muller/profil/spieler/438315
Klaus Gjasula,https://www.transfermarkt.com/klaus-gjasula/profil/spieler/57598
Fabian Schnellhardt,https://www.transfermarkt.com/fabian-schnellhardt/profil/spieler/94148
Tobias Kempe,https://www.transfermarkt.com/tobias-kempe/profil/spieler/42072
Fabian Nürnberger,https://www.transfermarkt.com/fabian-nurnberger/profil/spieler/349433
Marvin Mehlem,https://www.transfermarkt.com/marvin-mehlem/profil/spieler/237226
Braydon Manu,https://www.transfermarkt.com/braydon-manu/profil/spieler/231590
Mathias Honsak,https://www.transfermarkt.com/mathias-honsak/profil/spieler/283497
Gerrit Holtmann,https://www.transfermarkt.com/gerrit-holtmann/profil/spieler/190289
Tim Skarke,https://www.transfermarkt.com/tim-skarke/profil/spieler/287920
Oscar Vilhelmsson,https://www.transfermarkt.com/oscar-vilhelmsson/profil/spieler/673071
Fraser Hornby,https://www.transfermarkt.com/fraser-hornby/profil/spieler/388160
Luca Pfeiffer,https://www.transfermarkt.com/luca-pfeiffer/profil/spieler/232463
Filip Stojilkovic,https://www.transfermarkt.com/filip-stojilkovic/profil/spieler/464195
Aaron Seydel,https://www.transfermarkt.com/aaron-seydel/profil/spieler/187499
Sebastian Polter,https://www.transfermarkt.com/sebastian-polter/profil/spieler/60957
Fabio Torsiello,https://www.transfermarkt.com/fabio-torsiello/profil/spieler/917015
Manuel Neuer,https://www.transfermarkt.com/manuel-neuer/profil/spieler/17259
Daniel Peretz,https://www.transfermarkt.com/daniel-peretz/profil/spieler/468539
Sven Ulreich,https://www.transfermarkt.com/sven-ulreich/profil/spieler/40680
Max Schmitt,https://www.transfermarkt.com/max-schmitt/profil/spieler/937713
Tom Ritzy Hülsmann,https://www.transfermarkt.com/tom-ritzy-hulsmann/profil/spieler/639582
Matthijs de Ligt,https://www.transfermarkt.com/matthijs-de-ligt/profil/spieler/326031
Benjamin Pavard,https://www.transfermarkt.com/benjamin-pavard/profil/spieler/353366
Dayot Upamecano,https://www.transfermarkt.com/dayot-upamecano/profil/spieler/344695
Min-jae Kim,https://www.transfermarkt.com/min-jae-kim/profil/spieler/503482
Eric Dier,https://www.transfermarkt.com/eric-dier/profil/spieler/175722
Tarek Buchmann,https://www.transfermarkt.com/tarek-buchmann/profil/spieler/744729
Alphonso Davies,https://www.transfermarkt.com/alphonso-davies/profil/spieler/424204
Raphaël Guerreiro,https://www.transfermarkt.com/raphael-guerreiro/profil/spieler/170986
Frans Krätzig,https://www.transfermarkt.com/frans-kratzig/profil/spieler/604320
Adam Aznou,https://www.transfermarkt.com/adam-aznou/profil/spieler/938146
Matteo Pérez Vinlöf,https://www.transfermarkt.com/matteo-perez-vinlof/profil/spieler/920283
Konrad Laimer,https://www.transfermarkt.com/konrad-laimer/profil/spieler/223967
Noussair Mazraoui,https://www.transfermarkt.com/noussair-mazraoui/profil/spieler/340456
Sacha Boey,https://www.transfermarkt.com/sacha-boey/profil/spieler/475413
Bouna Sarr,https://www.transfermarkt.com/bouna-sarr/profil/spieler/190685
Max Scholze,https://www.transfermarkt.com/max-scholze/profil/spieler/707350
Joshua Kimmich,https://www.transfermarkt.com/joshua-kimmich/profil/spieler/161056
Ryan Gravenberch,https://www.transfermarkt.com/ryan-gravenberch/profil/spieler/478573
Aleksandar Pavlovic,https://www.transfermarkt.com/aleksandar-pavlovic/profil/spieler/792380
Noel Aseko,https://www.transfermarkt.com/noel-aseko/profil/spieler/904974
Luca Denk,https://www.transfermarkt.com/luca-denk/profil/spieler/522242
Leon Goretzka,https://www.transfermarkt.com/leon-goretzka/profil/spieler/153084
Taichi Fukui,https://www.transfermarkt.com/taichi-fukui/profil/spieler/868622
Jamal Musiala,https://www.transfermarkt.com/jamal-musiala/profil/spieler/580195
Lovro Zvonarek,https://www.transfermarkt.com/lovro-zvonarek/profil/spieler/892973
Jonathan Asp Jensen,https://www.transfermarkt.com/jonathan-asp-jensen/profil/spieler/856274
Kingsley Coman,https://www.transfermarkt.com/kingsley-coman/profil/spieler/243714
Bryan Zaragoza,https://www.transfermarkt.com/bryan-zaragoza/profil/spieler/713644
Leroy Sané,https://www.transfermarkt.com/leroy-sane/profil/spieler/192565
Serge Gnabry,https://www.transfermarkt.com/serge-gnabry/profil/spieler/159471
Thomas Müller,https://www.transfermarkt.com/thomas-muller/profil/spieler/58358
Harry Kane,https://www.transfermarkt.com/harry-kane/profil/spieler/132098
Mathys Tel,https://www.transfermarkt.com/mathys-tel/profil/spieler/801734
Eric-Maxim Choupo-Moting,https://www.transfermarkt.com/eric-maxim-choupo-moting/profil/spieler/45660
Kevin Trapp,https://www.transfermarkt.com/kevin-trapp/profil/spieler/45672
Kauã Santos,https://www.transfermarkt.com/kaua-santos/profil/spieler/997861
Simon Simoni,https://www.transfermarkt.com/simon-simoni/profil/spieler/726120
Jens Grahl,https://www.transfermarkt.com/jens-grahl/profil/spieler/40034
Luke Gauer,https://www.transfermarkt.com/luke-gauer/profil/spieler/866609
Nils Ramming,https://www.transfermarkt.com/nils-ramming/profil/spieler/1145455
Willian Pacho,https://www.transfermarkt.com/willian-pacho/profil/spieler/661171
Robin Koch,https://www.transfermarkt.com/robin-koch/profil/spieler/328784
Tuta,https://www.transfermarkt.com/tuta/profil/spieler/546213
Hrvoje Smolcic,https://www.transfermarkt.com/hrvoje-smolcic/profil/spieler/571299
Nnamdi Collins,https://www.transfermarkt.com/nnamdi-collins/profil/spieler/684315
Dario Gebuhr,https://www.transfermarkt.com/dario-gebuhr/profil/spieler/666168
Davis Bautista,https://www.transfermarkt.com/davis-bautista/profil/spieler/993870
Niels Nkounkou,https://www.transfermarkt.com/niels-nkounkou/profil/spieler/591193
Philipp Max,https://www.transfermarkt.com/philipp-max/profil/spieler/111275
Aurélio Buta,https://www.transfermarkt.com/aurelio-buta/profil/spieler/258039
Elias Baum,https://www.transfermarkt.com/elias-baum/profil/spieler/744857
Timothy Chandler,https://www.transfermarkt.com/timothy-chandler/profil/spieler/49723
Ellyes Skhiri,https://www.transfermarkt.com/ellyes-skhiri/profil/spieler/290587
Makoto Hasebe,https://www.transfermarkt.com/makoto-hasebe/profil/spieler/39259
Hugo Larsson,https://www.transfermarkt.com/hugo-larsson/profil/spieler/931838
Donny van de Beek,https://www.transfermarkt.com/donny-van-de-beek/profil/spieler/288255
Sebastian Rode,https://www.transfermarkt.com/sebastian-rode/profil/spieler/44466
Marcel Wenig,https://www.transfermarkt.com/marcel-wenig/profil/spieler/654872
Sidney Raebiger,https://www.transfermarkt.com/sidney-raebiger/profil/spieler/717345
Harpreet Ghotra,https://www.transfermarkt.com/harpreet-ghotra/profil/spieler/486456
Junior Dina Ebimbe,https://www.transfermarkt.com/junior-dina-ebimbe/profil/spieler/536482
Farès Chaïbi,https://www.transfermarkt.com/fares-chaibi/profil/spieler/855015
Mario Götze,https://www.transfermarkt.com/mario-gotze/profil/spieler/74842
Paxten Aaronson,https://www.transfermarkt.com/paxten-aaronson/profil/spieler/795738
Marko Mladenovic,https://www.transfermarkt.com/marko-mladenovic/profil/spieler/922413
Mehdi Loune,https://www.transfermarkt.com/mehdi-loune/profil/spieler/519869
Jean-Mattéo Bahoya,https://www.transfermarkt.com/jean-matteo-bahoya/profil/spieler/939964
Jens Petter Hauge,https://www.transfermarkt.com/jens-petter-hauge/profil/spieler/422355
Jesper Lindstrøm,https://www.transfermarkt.com/jesper-lindstrom/profil/spieler/513245
Ansgar Knauff,https://www.transfermarkt.com/ansgar-knauff/profil/spieler/429874
Randal Kolo Muani,https://www.transfermarkt.com/randal-kolo-muani/profil/spieler/487969
Omar Marmoush,https://www.transfermarkt.com/omar-marmoush/profil/spieler/445939
Hugo Ekitiké,https://www.transfermarkt.com/hugo-ekitike/profil/spieler/709726
Sasa Kalajdzic,https://www.transfermarkt.com/sasa-kalajdzic/profil/spieler/369567
Nacho Ferri,https://www.transfermarkt.com/nacho-ferri/profil/spieler/867357
Lucas Alario,https://www.transfermarkt.com/lucas-alario/profil/spieler/193782
Noel Futkeu,https://www.transfermarkt.com/noel-futkeu/profil/spieler/675535
Noah Atubolu,https://www.transfermarkt.com/noah-atubolu/profil/spieler/526845
Florian Müller,https://www.transfermarkt.com/florian-muller/profil/spieler/284769
Jaaso Jantunen,https://www.transfermarkt.com/jaaso-jantunen/profil/spieler/741578
Benjamin Uphoff,https://www.transfermarkt.com/benjamin-uphoff/profil/spieler/120296
Niklas Sauter,https://www.transfermarkt.com/niklas-sauter/profil/spieler/632147
Philipp Lienhart,https://www.transfermarkt.com/philipp-lienhart/profil/spieler/225657
Matthias Ginter,https://www.transfermarkt.com/matthias-ginter/profil/spieler/124502
Manuel Gulde,https://www.transfermarkt.com/manuel-gulde/profil/spieler/45683
Max Rosenfelder,https://www.transfermarkt.com/max-rosenfelder/profil/spieler/599419
Christian Günter,https://www.transfermarkt.com/christian-gunter/profil/spieler/93707
Jordy Makengo,https://www.transfermarkt.com/jordy-makengo/profil/spieler/815078
Kenneth Schmidt,https://www.transfermarkt.com/kenneth-schmidt/profil/spieler/527276
Roland Sallai,https://www.transfermarkt.com/roland-sallai/profil/spieler/332798
Kiliann Sildillia,https://www.transfermarkt.com/kiliann-sildillia/profil/spieler/548348
Lukas Kübler,https://www.transfermarkt.com/lukas-kubler/profil/spieler/93604
Yannik Keitel,https://www.transfermarkt.com/yannik-keitel/profil/spieler/342039
Nicolas Höfler,https://www.transfermarkt.com/nicolas-hofler/profil/spieler/55099
Fabian Rüdlin,https://www.transfermarkt.com/fabian-rudlin/profil/spieler/230818
Maximilian Eggestein,https://www.transfermarkt.com/maximilian-eggestein/profil/spieler/190284
Mika Baur,https://www.transfermarkt.com/mika-baur/profil/spieler/720948
Merlin Röhl,https://www.transfermarkt.com/merlin-rohl/profil/spieler/608832
Daniel-Kofi Kyereh,https://www.transfermarkt.com/daniel-kofi-kyereh/profil/spieler/272587
Ryan Johansson,https://www.transfermarkt.com/ryan-johansson/profil/spieler/351071
Vincenzo Grifo,https://www.transfermarkt.com/vincenzo-grifo/profil/spieler/185077
Noah Weißhaupt,https://www.transfermarkt.com/noah-weisshaupt/profil/spieler/392163
Florent Muslija,https://www.transfermarkt.com/florent-muslija/profil/spieler/337036
Ritsu Doan,https://www.transfermarkt.com/ritsu-doan/profil/spieler/358504
Maximilian Philipp,https://www.transfermarkt.com/maximilian-philipp/profil/spieler/143891
Michael Gregoritsch,https://www.transfermarkt.com/michael-gregoritsch/profil/spieler/120205
Lucas Höler,https://www.transfermarkt.com/lucas-holer/profil/spieler/248999
Junior Adamu,https://www.transfermarkt.com/junior-adamu/profil/spieler/452477
Maximilian Breunig,https://www.transfermarkt.com/maximilian-breunig/profil/spieler/584254
Jonas Omlin,https://www.transfermarkt.com/jonas-omlin/profil/spieler/247915
Moritz Nicolas,https://www.transfermarkt.com/moritz-nicolas/profil/spieler/284270
Jan Olschowsky,https://www.transfermarkt.com/jan-olschowsky/profil/spieler/455922
Tobias Sippel,https://www.transfermarkt.com/tobias-sippel/profil/spieler/31653
Maximilian Brüll,https://www.transfermarkt.com/maximilian-brull/profil/spieler/596103
Ko Itakura,https://www.transfermarkt.com/ko-itakura/profil/spieler/355816
Nico Elvedi,https://www.transfermarkt.com/nico-elvedi/profil/spieler/192635
Maximilian Wöber,https://www.transfermarkt.com/maximilian-wober/profil/spieler/263361
Marvin Friedrich,https://www.transfermarkt.com/marvin-friedrich/profil/spieler/196231
Fabio Chiarodia,https://www.transfermarkt.com/fabio-chiarodia/profil/spieler/724104
Mamadou Doucouré,https://www.transfermarkt.com/mamadou-doucoure/profil/spieler/340480
Luca Netz,https://www.transfermarkt.com/luca-netz/profil/spieler/524285
Lukas Ullrich,https://www.transfermarkt.com/lukas-ullrich/profil/spieler/787151
Joe Scally,https://www.transfermarkt.com/joe-scally/profil/spieler/504153
Stefan Lainer,https://www.transfermarkt.com/stefan-lainer/profil/spieler/85791
Simon Walde,https://www.transfermarkt.com/simon-walde/profil/spieler/912455
Tony Jantschke,https://www.transfermarkt.com/tony-jantschke/profil/spieler/47587
Julian Weigl,https://www.transfermarkt.com/julian-weigl/profil/spieler/196792
Christoph Kramer,https://www.transfermarkt.com/christoph-kramer/profil/spieler/82097
Manu Koné,https://www.transfermarkt.com/manu-kone/profil/spieler/624690
Rocco Reitz,https://www.transfermarkt.com/rocco-reitz/profil/spieler/467434
Florian Neuhaus,https://www.transfermarkt.com/florian-neuhaus/profil/spieler/278332
Robin Hack,https://www.transfermarkt.com/robin-hack/profil/spieler/284010
Yvandro Borges Sanches,https://www.transfermarkt.com/yvandro-borges-sanches/profil/spieler/586659
Franck Honorat,https://www.transfermarkt.com/franck-honorat/profil/spieler/229006
Nathan Ngoumou,https://www.transfermarkt.com/nathan-ngoumou/profil/spieler/629588
Hannes Wolf,https://www.transfermarkt.com/hannes-wolf/profil/spieler/321070
Patrick Herrmann,https://www.transfermarkt.com/patrick-herrmann/profil/spieler/32711
Tomas Cvancara,https://www.transfermarkt.com/tomas-cvancara/profil/spieler/544148
Alassane Pléa,https://www.transfermarkt.com/alassane-plea/profil/spieler/167329
Grant-Leon Ranos,https://www.transfermarkt.com/grant-leon-ranos/profil/spieler/574201
Shio Fukuda,https://www.transfermarkt.com/shio-fukuda/profil/spieler/1073997
