player.name,market_value_eur
Robin Zentner,300000000.0
Daniel Batz,250000.0
Lasse Rieß,700000.0
Sepp van den Berg,2800000000.0
Andreas Hanche-Olsen,500000000.0
Dominik Kohr,200000000.0
Maxim Leitsch,150000000.0
Danny da Costa,120000000.0
Stefan Bell,600000.0
Lasse Wilhelm,325000.0
Maxim Dal,150000.0
Phillipp Mwene,150000000.0
Tim Müller,175000.0
Anthony Caci,1000000000.0
Silvan Widmer,800000.0
Anton Stach,2000000000.0
Tom Krauß,350000000.0
Edimilson Fernandes,250000000.0
Josuha Guilavogui,250000.0
Leandro Barreiro,1500000000.0
Nadiem Amiri,1700000000.0
Merveille Papela,600000.0
Brajan Gruda,2800000000.0
Jae-sung Lee,200000000.0
Marco Richter,150000000.0
Aymen Barkok,450000.0
Anwar El Ghazi,900000.0
David Mamutovic,175000.0
Jonathan Burkardt,3500000000.0
Nelson Weiper,1200000000.0
Ludovic Ajorque,350000000.0
Karim Onisiwo,500000.0
Jessic Ngankam,100000000.0
Marcus Müller,500000.0
Noah Atubolu,2000000000.0
Florian Müller,120000000.0
Jaaso Jantunen,300000.0
Benjamin Uphoff,300000.0
Niklas Sauter,150000.0
Philipp Lienhart,1200000000.0
Matthias Ginter,600000000.0
Keven Schlotterbeck,600000000.0
Attila Szalai,200000000.0
Manuel Gulde,
Max Rosenfelder,800000000.0
Christian Günter,200000000.0
Jordy Makengo,600000000.0
Kenneth Schmidt,800000.0
Roland Sallai,1000000000.0
Kiliann Sildillia,700000000.0
Lukas Kübler,150000000.0
Yannik Keitel,200000000.0
Nicolas Höfler,500000.0
Fabian Rüdlin,250000.0
Maximilian Eggestein,1000000000.0
Mika Baur,300000000.0
Merlin Röhl,1600000000.0
Daniel-Kofi Kyereh,300000.0
Ryan Johansson,300000.0
Vincenzo Grifo,500000000.0
Noah Weißhaupt,350000000.0
Florent Muslija,180000000.0
Ritsu Doan,2500000000.0
Maximilian Philipp,600000.0
Michael Gregoritsch,150000000.0
Lucas Höler,300000000.0
Junior Adamu,500000000.0
Maximilian Breunig,100000000.0
Péter Gulácsi,200000000.0
Janis Blaswich,700000.0
Timo Schlieck,400000.0
Leopold Zingerle,400000.0
Castello Lukeba,4500000000.0
Mohamed Simakan,2000000000.0
El Chadaille Bitshiabu,1500000000.0
Willi Orbán,600000000.0
Lukas Klostermann,350000000.0
Jonathan Norbye,300000.0
Tim Köhler,300000.0
David Raum,2000000000.0
Christopher Lenz,400000.0
Benjamin Henrichs,1200000000.0
Hugo Novoa,100000000.0
Nicolas Seiwald,1800000000.0
Xaver Schlager,1000000000.0
Amadou Haidara,600000000.0
Kevin Kampl,
Ilaix Moriba,1000000000.0
Xavi Simons,6000000000.0
Dani Olmo,6000000000.0
Eljif Elmas,1400000000.0
Christoph Baumgartner,2000000000.0
Fábio Carvalho,1200000000.0
Nuha Jatta,200000.0
Emil Forsberg,250000000.0
Loïs Openda,4000000000.0
Benjamin Sesko,6000000000.0
Timo Werner,300000000.0
Yussuf Poulsen,150000000.0
Yannick Eduardo,500000.0
Marcel Schuhen,600000.0
Alexander Brunst,300000.0
Morten Behrens,250000.0
Max Wendt,
Christoph Klarer,550000000.0
Matej Maglica,800000.0
Clemens Riedel,500000000.0
Christoph Zimmermann,
Jannik Müller,400000.0
Thomas Isherwood,600000.0
Bartol Franjic,140000000.0
Emir Karic,150000000.0
Frank Ronstadt,350000.0
Fabian Holland,200000.0
Matthias Bader,700000.0
Asaf Arania,50000.0
Andreas Müller,100000000.0
Klaus Gjasula,225000.0
Fabian Schnellhardt,
Tobias Kempe,200000.0
Fabian Nürnberger,150000000.0
Marvin Mehlem,120000000.0
Julian Justvan,220000000.0
Braydon Manu,300000.0
Mathias Honsak,200000000.0
Gerrit Holtmann,700000.0
Tim Skarke,180000000.0
Oscar Vilhelmsson,100000000.0
Fraser Hornby,350000000.0
Luca Pfeiffer,500000.0
Filip Stojilkovic,300000000.0
Aaron Seydel,300000.0
Sebastian Polter,300000.0
Fabio Torsiello,350000.0
Koen Casteels,400000000.0
Pavao Pervan,300000.0
Philipp Schulze,350000.0
Niklas Klinger,
Maxence Lacroix,3500000000.0
Moritz Jenz,500000000.0
Sebastiaan Bornauw,500000000.0
Cédric Zesiger,500000000.0
Anders Børset,125000.0
Felix Lange,
Joakim Maehle,900000000.0
Rogério,200000000.0
Nicolas Cozza,300000000.0
Ridle Baku,1200000000.0
Kilian Fischer,750000000.0
Kofi Amoako,200000000.0
Aster Vranckx,700000000.0
Mattias Svanberg,1200000000.0
Maximilian Arnold,450000000.0
Yannick Gerhardt,200000000.0
Kevin Paredes,500000000.0
Lovro Majer,1500000000.0
Jakub Kaminski,1200000000.0
Ulysses Llanez,100000.0
Patrick Wimmer,1500000000.0
Vaclav Cerny,800000000.0
Bennit Bröger,500000.0
Jonas Wind,700000000.0
Tiago Tomás,1500000000.0
Lukas Nmecha,800000000.0
Amin Sarr,300000000.0
Kevin Behrens,600000.0
Dzenan Pejcinovic,600000000.0
Michael Zetterer,450000000.0
Jiri Pavlenka,800000.0
Dudu,275000.0
Spyros Angelidis,150000.0
Marco Friedl,1200000000.0
Niklas Stark,350000000.0
Milos Veljkovic,250000000.0
Amos Pieper,400000000.0
Julián Malatini,200000000.0
Anthony Jung,700000.0
Olivier Deman,300000000.0
Felix Agu,800000000.0
Mitchell Weiser,350000000.0
Senne Lynen,1000000000.0
Ilia Gruev,900000000.0
Skelly Alvero,250000000.0
Nicolai Rapp,100000000.0
Christian Groß,
Jens Stage,1400000000.0
Leonardo Bittencourt,120000000.0
Naby Keïta,150000000.0
Jakob Löpping,
Cimo Röcker,100000.0
Romano Schmid,1700000000.0
Isak Hansen-Aarøen,800000.0
Leon Opitz,600000.0
Justin Njinmah,700000000.0
Kein Sato,750000.0
Niclas Füllkrug,800000000.0
Marvin Ducksch,200000000.0
Rafael Borré,400000000.0
Nick Woltemade,7000000000.0
Dawid Kownacki,250000000.0
Oliver Burke,400000000.0
Joel Imasuen,175000.0
Kevin Trapp,200000000.0
Kauã Santos,700000000.0
Simon Simoni,600000.0
Jens Grahl,200000.0
Luke Gauer,100000.0
Nils Ramming,500000.0
Willian Pacho,7000000000.0
Robin Koch,1500000000.0
Tuta,1200000000.0
Hrvoje Smolcic,200000000.0
Nnamdi Collins,1500000000.0
Dario Gebuhr,200000.0
Davis Bautista,150000.0
Niels Nkounkou,350000000.0
Philipp Max,700000.0
Aurélio Buta,300000000.0
Elias Baum,500000000.0
Timothy Chandler,350000.0
Ellyes Skhiri,600000000.0
Kristijan Jakic,600000000.0
Makoto Hasebe,
Hugo Larsson,4000000000.0
Donny van de Beek,200000000.0
Sebastian Rode,
Marcel Wenig,200000.0
Sidney Raebiger,250000.0
Harpreet Ghotra,
Junior Dina Ebimbe,600000000.0
Farès Chaïbi,1500000000.0
Mario Götze,350000000.0
Paxten Aaronson,700000000.0
Marko Mladenovic,300000.0
Mehdi Loune,175000.0
Jean-Mattéo Bahoya,2500000000.0
Jens Petter Hauge,450000000.0
Jesper Lindstrøm,800000000.0
Ansgar Knauff,1500000000.0
Randal Kolo Muani,2500000000.0
Omar Marmoush,6500000000.0
Hugo Ekitiké,8500000000.0
Sasa Kalajdzic,200000000.0
Nacho Ferri,300000000.0
Lucas Alario,350000.0
Noel Futkeu,500000000.0
Manuel Neuer,400000000.0
Daniel Peretz,200000000.0
Sven Ulreich,500000.0
Max Schmitt,500000.0
Tom Ritzy Hülsmann,800000.0
Matthijs de Ligt,4000000000.0
Benjamin Pavard,2000000000.0
Dayot Upamecano,7000000000.0
Min-jae Kim,2500000000.0
Eric Dier,700000000.0
Tarek Buchmann,300000.0
Alphonso Davies,5000000000.0
Raphaël Guerreiro,600000000.0
Frans Krätzig,280000000.0
Adam Aznou,700000000.0
Matteo Pérez Vinlöf,250000000.0
Konrad Laimer,3200000000.0
Noussair Mazraoui,2200000000.0
Sacha Boey,1500000000.0
Bouna Sarr,400000.0
Max Scholze,400000.0
Joshua Kimmich,4000000000.0
Ryan Gravenberch,9000000000.0
Aleksandar Pavlovic,6500000000.0
Noel Aseko,600000000.0
Luca Denk,275000.0
Leon Goretzka,1500000000.0
Taichi Fukui,200000000.0
Jamal Musiala,13000000000.0
Lovro Zvonarek,200000000.0
Jonathan Asp Jensen,400000000.0
Kingsley Coman,2200000000.0
Bryan Zaragoza,1000000000.0
Leroy Sané,2300000000.0
Serge Gnabry,2000000000.0
Thomas Müller,500000000.0
Harry Kane,6500000000.0
Mathys Tel,3000000000.0
Eric-Maxim Choupo-Moting,120000000.0
Gregor Kobel,4000000000.0
Marcel Lotka,500000.0
Alexander Meyer,800000.0
Nico Schlotterbeck,5500000000.0
Niklas Süle,500000000.0
Emre Can,600000000.0
Ramy Bensebaini,700000000.0
Mats Hummels,
Hendry Blank,200000000.0
Antonios Papadopoulos,350000000.0
Ian Maatsen,2500000000.0
Guille Bueno,120000000.0
Julian Ryerson,2000000000.0
Marius Wolf,250000000.0
Thomas Meunier,180000000.0
Mateu Morey,150000000.0
Salih Özcan,350000000.0
Abdoulaye Kamara,500000.0
Felix Nmecha,4500000000.0
Marcel Sabitzer,700000000.0
Kjell Wätjen,350000000.0
Julian Brandt,2000000000.0
Giovanni Reyna,600000000.0
Thorgan Hazard,250000000.0
Marco Reus,180000000.0
Ole Pohlmann,150000000.0
Jadon Sancho,2000000000.0
Jamie Gittens,4000000000.0
Julien Duranville,750000000.0
Karim Adeyemi,6000000000.0
Samuel Bamba,450000.0
Donyell Malen,2500000000.0
Youssoufa Moukoko,700000000.0
Sébastien Haller,200000000.0
Paris Brunner,150000000.0
Jonas Omlin,150000000.0
Moritz Nicolas,500000000.0
Jan Olschowsky,450000.0
Tobias Sippel,300000.0
Maximilian Brüll,200000.0
Ko Itakura,1000000000.0
Nico Elvedi,800000000.0
Maximilian Wöber,400000000.0
Marvin Friedrich,180000000.0
Fabio Chiarodia,300000000.0
Mamadou Doucouré,
Luca Netz,600000000.0
Lukas Ullrich,700000000.0
Joe Scally,700000000.0
Stefan Lainer,100000000.0
Simon Walde,200000.0
Tony Jantschke,
Julian Weigl,500000000.0
Christoph Kramer,
Manu Koné,5000000000.0
Rocco Reitz,1700000000.0
Florian Neuhaus,350000000.0
Robin Hack,1200000000.0
Yvandro Borges Sanches,500000.0
Franck Honorat,1200000000.0
Nathan Ngoumou,350000000.0
Hannes Wolf,500000000.0
Patrick Herrmann,
Tomas Cvancara,250000000.0
Alassane Pléa,300000000.0
Jordan,200000000.0
Grant-Leon Ranos,100000000.0
Shio Fukuda,800000.0
Marvin Schwäbe,300000000.0
Philipp Pentke,100000.0
Jonas Nickisch,150000.0
Matthias Köbbing,100000.0
Jeff Chabot,1500000000.0
Timo Hübers,250000000.0
Luca Kilian,100000.0
Dominique Heintz,700000.0
Elias Bakatukanda,400000.0
Max Finkgräfe,300000000.0
Leart Paçarada,100000000.0
Kristian Pedersen,400000.0
Noah Katterbach,600000.0
Eric Martel,800000000.0
Dejan Ljubicic,300000000.0
Benno Schmitz,250000.0
Jacob Christensen,800000.0
Mathias Olesen,100000000.0
Denis Huseinbasic,300000000.0
Rasmus Carstensen,200000000.0
Florian Kainz,150000000.0
Linton Maina,300000000.0
Faride Alidou,100000000.0
Justin Diehl,180000000.0
Jan Thielmann,500000000.0
Dimitrios Limnios,800000.0
Davie Selke,300000000.0
Luca Waldschmidt,200000000.0
Damion Downs,700000000.0
Steffen Tigges,700000.0
Mark Uth,
Sargis Adamyan,300000.0
Florian Dietz,250000.0
Alexander Nübel,1200000000.0
Fabian Bredlow,800000.0
Dennis Seimen,700000000.0
Florian Schock,200000.0
Hiroki Ito,1800000000.0
Konstantinos Mavropanos,1500000000.0
Waldemar Anton,1800000000.0
Dan-Axel Zagadou,200000000.0
Anthony Rouault,900000000.0
Anrie Chase,200000000.0
Maximilian Mittelstädt,1800000000.0
Borna Sosa,400000000.0
Moussa Cissé,400000.0
Josha Vagnoman,1000000000.0
Leonidas Stergiou,350000000.0
Pascal Stenzel,120000000.0
Angelo Stiller,4500000000.0
Wataru Endo,500000000.0
Atakan Karazor,900000000.0
Samuele Di Benedetto,600000.0
Mahmoud Dahoud,200000000.0
Nikolas Nartey,200000000.0
Enzo Millot,2800000000.0
Woo-yeong Jeong,350000000.0
Lilian Egloff,150000000.0
Genki Haraguchi,350000.0
Laurin Ulrich,250000000.0
Raul Paula,500000.0
Chris Führich,1000000000.0
Silas,300000000.0
Jamie Leweling,2500000000.0
Roberto Massimo,400000.0
Luca Raimund,400000.0
Serhou Guirassy,4000000000.0
Deniz Undav,2000000000.0
Mohamed Sankoh,450000.0
Jovan Milosevic,700000000.0
Thomas Kastanaras,300000.0
Finn Dahmen,1200000000.0
Tomas Koubek,450000.0
Marcel Lubik,800000.0
Felix Uduokhai,500000000.0
Maximilian Bauer,150000000.0
Patric Pfeiffer,150000000.0
Jeffrey Gouweleeuw,100000000.0
Japhet Tanganga,250000000.0
Reece Oxford,450000.0
Frederik Winther,700000.0
David Deger,100000.0
Iago,350000000.0
Mads Pedersen,100000000.0
Aaron Zehnter,600000000.0
David Colina,750000.0
Kevin Mbabu,300000000.0
Robert Gumny,100000000.0
Raphael Framberger,
Niklas Dorsch,300000000.0
Tim Breithaupt,200000000.0
Mahmut Kücüksahin,175000.0
Arne Engels,1000000000.0
Arne Maier,200000000.0
Elvis Rexhbecaj,350000000.0
Fredrik Jensen,300000000.0
Pep Biel,550000000.0
Mert Kömür,1200000000.0
Daniel Hausmann,75000.0
Rubén Vargas,1200000000.0
Nathanaël Mbuku,120000000.0
Masaya Okugawa,100000000.0
Sven Michel,300000.0
Ermedin Demirovic,2200000000.0
Mergim Berisha,250000000.0
Phillip Tietz,350000000.0
Dion Beljo,400000000.0
Irvin Cardona,250000000.0
Kevin Müller,300000.0
Vitus Eicher,175000.0
Frank Feller,500000.0
Paul Tschernuth,100000.0
Benedikt Gimber,250000000.0
Patrick Mainka,250000000.0
Tim Siersleben,250000000.0
Thomas Keller,600000.0
Jonas Föhrenbach,150000000.0
Seedy Jarju,
Omar Traoré,300000000.0
Marnon Busch,120000000.0
Lennard Maloney,350000000.0
Norman Theuerkauf,
Luka Janes,150000.0
Jan Schöppner,400000000.0
Kevin Sessa,750000.0
Adrian Beck,200000000.0
Denis Thomalla,225000.0
Christian Kühlwetter,325000.0
Niklas Beste,700000000.0
Eren Dinkçi,600000000.0
Florian Pick,500000.0
Nikola Dovedan,450000.0
Tim Kleindienst,1200000000.0
Marvin Pieringer,450000000.0
Stefan Schimmer,500000.0
Elidon Qenaj,50000.0
Frederik Rönnow,250000000.0
Alexander Schwolow,450000.0
Jakob Busk,150000.0
Yannic Stein,200000.0
Danilho Doekhi,1300000000.0
Diogo Leite,1200000000.0
Robin Knoche,500000.0
Kevin Vogt,400000.0
Paul Jaeckel,100000000.0
Leonardo Bonucci,
Oluwaseun Ogbemudia,250000.0
Robin Gosens,600000000.0
Jérôme Roussillon,600000.0
Laurenz Dehl,150000.0
Josip Juranovic,250000000.0
Christopher Trimmel,600000.0
Rani Khedira,200000000.0
Aljoscha Kemlein,900000000.0
Lucas Tousart,200000000.0
Aïssa Laïdouni,380000000.0
András Schäfer,450000000.0
Alex Král,400000000.0
Janik Haberer,250000000.0
Tim Schleinitz,75000.0
Brenden Aaronson,1500000000.0
Kevin Volland,500000.0
Milos Pantovic,400000.0
Sheraldo Becker,150000000.0
David Datro Fofana,500000000.0
Yorbe Vertessen,600000000.0
Benedict Hollerbach,1000000000.0
Mikkel Kaufmann,180000000.0
Chris Bedia,300000000.0
Oliver Baumann,300000000.0
Nahuel Noll,180000000.0
Luca Philipp,750000.0
Ozan Kabak,500000000.0
Kevin Akpoguma,200000000.0
Stanley Nsoki,180000000.0
Tim Drexler,250000000.0
John Brooks,300000.0
Joshua Quarshie,400000000.0
Kasim Adams,450000.0
David Jurásek,450000000.0
Florian Grillitsch,200000000.0
Diadié Samassékou,100000000.0
Grischa Prömel,300000000.0
Umut Tohumcu,500000000.0
Tom Bischof,4000000000.0
Dennis Geiger,150000000.0
Finn Becker,150000000.0
Marco John,100000000.0
Pavel Kaderabek,150000000.0
Robert Skov,300000000.0
Andrej Kramaric,300000000.0
Bambasé Conté,280000000.0
Marius Bülter,200000000.0
Maximilian Beier,3000000000.0
Wout Weghorst,350000000.0
Ihlas Bebou,800000.0
Max Moerstedt,700000000.0
Matej Kovar,700000000.0
Patrick Pentz,220000000.0
Lukas Hradecky,180000000.0
Niklas Lomb,250000.0
Edmond Tapsoba,3500000000.0
Piero Hincapié,5000000000.0
Odilon Kossounou,2200000000.0
Jonathan Tah,3000000000.0
Reno Münz,120000000.0
Madi Monamay,400000.0
Alejandro Grimaldo,2400000000.0
Jeremie Frimpong,3800000000.0
Josip Stanisic,3200000000.0
Arthur,700000000.0
Timothy Fosu-Mensah,350000.0
Granit Xhaka,1000000000.0
Robert Andrich,700000000.0
Exequiel Palacios,3000000000.0
Gustavo Puerta,350000000.0
Noah Mbamba,150000000.0
Florian Wirtz,11000000000.0
Jonas Hofmann,200000000.0
Ayman Aourir,50000.0
Francis Onyeka,600000000.0
Amine Adli,2000000000.0
Nathan Tella,1500000000.0
Victor Boniface,1200000000.0
Patrik Schick,2500000000.0
Adam Hlozek,1500000000.0
Borja Iglesias,300000000.0
Ken Izekor,
Manuel Riemann,200000.0
Niclas Thiede,350000.0
Andreas Luthe,
Michael Esser,
Hugo Rölleke,50000.0
Erhan Masovic,150000000.0
Tim Oermann,400000000.0
Ivan Ordets,750000.0
Noah Loosli,750000.0
Mohammed Tolba,175000.0
Bernardo,500000000.0
Maximilian Wittek,100000000.0
Danilo Soares,400000.0
Moritz Römling,150000.0
Felix Passlack,100000000.0
Cristian Gamboa,
Jordi Osei-Tutu,375000.0
Patrick Osterhage,1200000000.0
Anthony Losilla,
Matus Bero,200000000.0
Agon Elezi,650000.0
Mats Pannewig,250000000.0
Kevin Stöger,300000000.0
Philipp Förster,600000.0
Lukas Daschner,700000.0
Moritz-Broni Kwarteng,750000.0
Christopher Antwi-Adjei,500000.0
Takuma Asano,180000000.0
Moritz Broschinski,150000000.0
Philipp Hofmann,750000.0
Gonçalo Paciência,700000.0
Simon Zoller,
Lys Mousset,150000.0
Ederson,1500000000.0
Stefan Ortega,500000000.0
Zack Steffen,180000000.0
True Grant,
Scott Carson,
Rúben Dias,6000000000.0
Josko Gvardiol,7000000000.0
Manuel Akanji,2200000000.0
Nathan Aké,1800000000.0
John Stones,1800000000.0
Taylor Harwood-Bellis,2000000000.0
Aymeric Laporte,900000000.0
Max Alleyne,800000.0
Sergio Gómez,1500000000.0
Josh Wilson-Esbrand,300000000.0
Matheus Nunes,3800000000.0
Rico Lewis,3500000000.0
Kyle Walker,250000000.0
Issa Kaboré,400000000.0
Rodri,7500000000.0
Kalvin Phillips,600000000.0
Máximo Perrone,2500000000.0
Mahamadou Susoho,100000000.0
Jacob Wright,250000000.0
Mateo Kovacic,1500000000.0
Phil Foden,8000000000.0
Cole Palmer,12000000000.0
Bernardo Silva,2700000000.0
Kevin De Bruyne,1500000000.0
James McAtee,2300000000.0
Jérémy Doku,6500000000.0
Jack Grealish,2500000000.0
Micah Hamilton,250000000.0
Oscar Bobb,2500000000.0
Erling Haaland,20000000000.0
Julián Alvarez,10000000000.0
Nick Pope,700000000.0
Martin Dúbravka,750000.0
Loris Karius,800000.0
Mark Gillespie,150000.0
Adam Harrison,
Aidan Harris,200000.0
Sven Botman,3500000000.0
Fabian Schär,600000000.0
Dan Burn,500000000.0
Jamaal Lascelles,200000000.0
Kell Watts,300000.0
Lewis Hall,3200000000.0
Matt Targett,350000000.0
Jamal Lewis,200000000.0
Paul Dummett,
Alex Murphy,300000.0
Tino Livramento,4000000000.0
Kieran Trippier,250000000.0
Emil Krafth,150000000.0
Javier Manquillo,
Harrison Ashby,140000000.0
Sandro Tonali,7500000000.0
Isaac Hayden,600000.0
Bruno Guimarães,7500000000.0
Joelinton,3000000000.0
Joe Willock,1600000000.0
Sean Longstaff,1800000000.0
Lewis Miley,2000000000.0
Elliot Anderson,6000000000.0
Jeff Hendrick,
Lucas De Bolle,
Travis Hernes,250000.0
James Huntley,
Matt Ritchie,150000.0
Joe White,250000.0
Anthony Gordon,6000000000.0
Harvey Barnes,3200000000.0
Ryan Fraser,180000000.0
Amadou Diallo,250000.0
Miguel Almirón,900000000.0
Jacob Murphy,1500000000.0
Alexander Isak,12000000000.0
Callum Wilson,500000000.0
Ben Parkinson,150000.0
Michael Ndiweni,
José Sá,500000000.0
Daniel Bentley,100000000.0
Tom King,150000.0
Louie Moulden,
Maximilian Kilman,2200000000.0
Toti,2500000000.0
Santiago Bueno,1000000000.0
Yerson Mosquera,1000000000.0
Craig Dawson,900000.0
Justin Hubner,350000.0
Alfie Pond,200000.0
Temple Ojinnaka,
Rayan Aït-Nouri,4000000000.0
Hugo Bueno,1000000000.0
Aaron Keto-Diyawa,
Nélson Semedo,750000000.0
Jonny Otto,250000000.0
Ki-Jana Hoever,500000000.0
Matt Doherty,150000000.0
Wesley Okoduwa,
Mario Lemina,600000000.0
Boubacar Traoré,500000000.0
Joe Hodge,700000.0
Bruno Jordão,500000.0
Harvey Griffiths,
João Gomes,4000000000.0
Jean-Ricner Bellegarde,1600000000.0
Tommy Doyle,800000000.0
Luke Cundle,320000000.0
Matthew Whittingham,
Pablo Sarabia,400000000.0
Chem Campbell,100000000.0
Tawanda Chirewa,500000.0
Noha Lemina,175000.0
Ty Barnett,
Owen Hesketh,
Enso González,400000000.0
Emilio Ballard-Matthews,
Pedro Neto,6000000000.0
Matheus Cunha,7000000000.0
Hee-chan Hwang,1000000000.0
Fábio Silva,2800000000.0
Nathan Fraser,600000.0
Leon Chiwome,500000.0
Fletcher Holman,
David Raya,3500000000.0
Aaron Ramsdale,1200000000.0
Matt Turner,250000000.0
Karl Hein,300000000.0
Arthur Okonkwo,200000000.0
William Saliba,9000000000.0
Gabriel Magalhães,7500000000.0
Jakub Kiwior,2700000000.0
Rob Holding,300000000.0
Ayden Heaven,1000000000.0
Oleksandr Zinchenko,1500000000.0
Kieran Tierney,800000000.0
Lino Sousa,800000.0
Myles Lewis-Skelly,4000000000.0
Ben White,3000000000.0
Jurriën Timber,7000000000.0
Takehiro Tomiyasu,1200000000.0
Reuell Walters,250000000.0
Cédric Soares,800000.0
James Sweet,
Thomas Partey,500000000.0
Jorginho,500000000.0
Mohamed Elneny,150000000.0
Bradley Ibrahim,450000.0
Declan Rice,12000000000.0
Albert Sambi Lokonga,800000000.0
Mauro Bandeira,
Martin Ødegaard,7500000000.0
Emile Smith Rowe,2200000000.0
Fábio Vieira,1800000000.0
Ethan Nwaneri,4000000000.0
Gabriel Martinelli,4500000000.0
Leandro Trossard,2000000000.0
Reiss Nelson,1400000000.0
Charles Sagoe Jr,300000.0
Bukayo Saka,13000000000.0
Amario Cozier-Duberry,300000000.0
Kai Havertz,5500000000.0
Gabriel Jesus,2000000000.0
Eddie Nketiah,1600000000.0
James Trafford,2500000000.0
Arijanet Murić,750000000.0
Lawrence Vigouroux,450000.0
Denis Franchi,75000.0
Jordan Beyer,400000000.0
Ameen Al-Dakhil,400000000.0
Dara O'Shea,1500000000.0
Hjalmar Ekdal,600000000.0
Maxime Estève,2500000000.0
Hannes Delcroix,250000000.0
Luke McNally,300000000.0
CJ Egan-Riley,1200000000.0
Charlie Taylor,200000000.0
Lorenz Assignon,1200000000.0
Connor Roberts,300000000.0
Vitinho,800000000.0
Sander Berge,2500000000.0
Jack Cork,
Josh Brownhill,1000000000.0
Josh Cullen,700000000.0
Han-Noah Massengo,500000000.0
Aaron Ramsey,800000000.0
Mike Tresor,400000000.0
Scott Twine,1000000000.0
Wilson Odobert,2200000000.0
Anass Zaroury,800000000.0
Jacob Bruun Larsen,500000000.0
Darko Churlinov,150000000.0
Dara Costelloe,500000.0
Luca Koleosho,400000000.0
Manuel Benson,300000000.0
Nathan Redmond,120000000.0
Jóhann Berg Gudmundsson,500000.0
Enock Agyei,600000.0
Lyle Foster,1000000000.0
Zeki Amdouni,900000000.0
Michael Obafemi,100000000.0
Jay Rodríguez,300000.0
Mark Travers,400000000.0
Ionuț Radu,500000000.0
Neto,120000000.0
Will Dennis,350000.0
Darren Randolph,
Cameron Plain,
Callan McKenna,600000.0
Ilya Zabarnyi,5000000000.0
Marcos Senesi,2200000000.0
Lloyd Kelly,2000000000.0
Chris Mepham,350000000.0
James Hill,700000000.0
Max Kinsey,
Milos Kerkez,4000000000.0
Ben Greenwood,
Max Aarons,400000000.0
Ryan Fredericks,
Adam Smith,500000.0
Tyler Adams,2500000000.0
Philip Billing,700000000.0
Alex Scott,3000000000.0
Lewis Cook,1300000000.0
Ryan Christie,900000000.0
Joe Rothwell,120000000.0
Gavin Kilkenny,325000.0
Marcus Tavernier,2000000000.0
Romain Faivre,500000000.0
Justin Kluivert,3200000000.0
Emiliano Marcondes,800000.0
Luis Sinisterra,1200000000.0
Hamed Traoré,1500000000.0
Jaidon Anthony,1500000000.0
Dango Ouattara,3500000000.0
Antoine Semenyo,6500000000.0
David Brooks,1200000000.0
Dominic Sadi,150000.0
Michael Dacosta,
Dominic Solanke,3500000000.0
Enes Ünal,800000000.0
Kieffer Moore,120000000.0
Jamal Lowe,800000.0
Daniel Adu-Adjei,750000.0
Ivo Grbic,150000000.0
Wes Foderingham,450000.0
Adam Davies,300000.0
Jordan Amissah,200000.0
Anel Ahmedhodzic,1600000000.0
Auston Trusty,500000000.0
Mason Holgate,300000000.0
John Egan,120000000.0
Jack Robinson,500000.0
Chris Basham,
Evan Easton,50000.0
Dovydas Sasnauskas,
Luke Thomas,600000000.0
Yasser Larouci,180000000.0
Max Lowe,220000000.0
Rhys Norrington-Davies,220000000.0
Jili Buyabu,
Jayden Bogle,1000000000.0
George Baldock,
Femi Seriki,350000000.0
Sam Curtis,175000.0
Vini Souza,1200000000.0
Gustavo Hamer,1600000000.0
Tom Davies,300000000.0
Andre Brooks,300000000.0
Anis Ben Slimane,300000000.0
Oliver Norwood,300000.0
Ismaila Coulibaly,100000000.0
Ben Osborn,750000.0
John Fleck,75000.0
Oliver Arblaster,140000000.0
Sydie Peck,1200000000.0
Billy Blacker,100000.0
Owen Hampson,50000.0
Bénie Traoré,800000000.0
Louie Marsh,150000.0
Cameron Archer,1000000000.0
Ben Brereton Díaz,600000000.0
Oli McBurnie,250000000.0
Rhian Brewster,260000000.0
William Osula,1500000000.0
Daniel Jebbison,400000000.0
Antwoine Hackford,325000.0
Ryan Oné,700000.0
Robert Sánchez,2200000000.0
Djordje Petrovic,2800000000.0
Marcus Bettinelli,500000.0
Lucas Bergström,150000000.0
Teddy Sharman-Lowe,550000.0
Eddie Beach,200000.0
Max Merrick,
Ted Curd,
Levi Colwill,5000000000.0
Axel Disasi,1500000000.0
Benoît Badiashile,1800000000.0
Wesley Fofana,2800000000.0
Trevoh Chalobah,3500000000.0
Bashir Humphreys,1200000000.0
Malang Sarr,1000000000.0
Thiago Silva,600000.0
Josh Brooking,
Harrison Murray-Campbell,500000.0
Billy Gee,
Ben Chilwell,1200000000.0
Marc Cucurella,5000000000.0
Ishé Samuels-Smith,700000.0
Zak Sturge,800000.0
Dylan Williams,325000.0
Reece James,5000000000.0
Malo Gusto,3500000000.0
Alfie Gilchrist,400000000.0
Josh Acheampong,2000000000.0
Moisés Caicedo,11000000000.0
Roméo Lavia,3000000000.0
Lesley Ugochukwu,2500000000.0
Ollie Harrison,
Enzo Fernández,8500000000.0
Conor Gallagher,3500000000.0
Andrey Santos,4000000000.0
Carney Chukwuemeka,2500000000.0
Cesare Casadei,1400000000.0
Alex Matos,100000000.0
Michael Golding,200000000.0
Jimi Tauriainen,
Kiano Dyer,100000.0
Diego Moreira,1800000000.0
Leo Castledine,110000000.0
Mykhaylo Mudryk,
Tyrique George,2200000000.0
Raheem Sterling,500000000.0
Noni Madueke,5000000000.0
Christopher Nkunku,3200000000.0
Nicolas Jackson,4500000000.0
Armando Broja,1000000000.0
Deivid Washington,400000000.0
Mason Burstow,250000000.0
Ronnie Stutter,150000.0
Jordan Pickford,1500000000.0
João Virgínia,100000000.0
Andy Lonergan,
Billy Crellin,75000.0
Jarrad Branthwaite,4500000000.0
James Tarkowski,700000000.0
Ben Godfrey,550000000.0
Michael Keane,400000000.0
Elijah Campbell,200000.0
Vitaliy Mykolenko,2500000000.0
Mackenzie Hunt,200000.0
Nathan Patterson,1000000000.0
Ashley Young,400000.0
Séamus Coleman,300000.0
Amadou Onana,4200000000.0
James Garner,2500000000.0
Idrissa Gueye,100000000.0
André Gomes,450000000.0
Lewis Warrington,275000.0
Tyler Onyango,300000.0
Jenson Metcalfe,200000.0
Abdoulaye Doucouré,600000000.0
Dele Alli,150000000.0
Alex Iwobi,2500000000.0
Dwight McNeil,2000000000.0
Jack Harrison,1000000000.0
Arnaut Danjuma,400000000.0
Lewis Dobbin,280000000.0
Dominic Calvert-Lewin,1500000000.0
Beto,2000000000.0
Neal Maupay,400000000.0
Youssef Chermiti,600000000.0
Tom Cannon,800000000.0
Dean Henderson,2800000000.0
Sam Johnstone,500000000.0
Joe Whitworth,170000000.0
Remi Matthews,300000.0
Marc Guéhi,5500000000.0
Joachim Andersen,2500000000.0
Chris Richards,2500000000.0
Nathan Ferguson,
James Tomkins,
Seán Grehan,175000.0
Tyrick Mitchell,2500000000.0
Tayo Adaramola,800000.0
Daniel Muñoz,2700000000.0
Nathaniel Clyne,500000.0
Joel Ward,300000.0
Cheick Doucouré,1500000000.0
Adam Wharton,6000000000.0
Jefferson Lerma,800000000.0
Jaïro Riedewald,120000000.0
David Ozoh,100000000.0
Kaden Rodney,200000.0
Will Hughes,600000000.0
Naouirou Ahamada,350000000.0
Jack Wells-Morrison,
Jeffrey Schlupp,200000000.0
Eberechi Eze,6500000000.0
Matheus França,900000000.0
Jadan Raymond,
John-Kymani Gordon,175000.0
Michael Olise,13000000000.0
Jesurun Rak-Sakyi,600000000.0
Malcolm Ebiowei,100000000.0
Franco Umeh,500000.0
Roshaun Mathurin,125000.0
Jean-Philippe Mateta,4000000000.0
Odsonne Édouard,800000000.0
Jordan Ayew,180000000.0
Luke Plange,120000000.0
Ademola Ola-Adebomi,400000.0
Thomas Kaminski,130000000.0
Tim Krul,
Jack Walton,500000.0
James Shea,125000.0
Teden Mengi,400000000.0
Tom Holmes,160000000.0
Gabriel Osho,150000000.0
Mads Andersen,190000000.0
Tom Lockyer,450000.0
Amari'i Bell,100000000.0
Reece Burke,130000000.0
Dan Potts,250000.0
Christian Chigozie,
Ryan Giles,700000000.0
Joe Johnson,275000.0
Daiki Hashioka,120000000.0
Aidan Francis-Clarke,
Marvelous Nakamba,100000000.0
Pelly Ruddock Mpanzu,400000.0
Dominic Martins,
Ross Barkley,500000000.0
Allan Campbell,800000.0
Luke Berry,250000.0
Louie Watson,175000.0
Axel Piesold,150000.0
Jake Burger,
Jayden Luker,100000.0
Fred Onyedinma,650000.0
Alfie Doughty,550000000.0
Tahith Chong,450000000.0
Jordan Clark,550000.0
Elliot Thorpe,
Zack Nelson,750000.0
Dion Pereira,175000.0
Chiedozie Ogbene,700000000.0
Andros Townsend,500000.0
John McAtee,450000.0
Carlton Morris,600000000.0
Elijah Adebayo,450000000.0
Jacob Brown,200000000.0
Cauley Woodrow,500000.0
Joe Taylor,500000.0
Admiral Muskwe,
Taylan Harris,
Mark Flekken,800000000.0
Thomas Strakosha,250000000.0
Hákon Valdimarsson,250000000.0
Matthew Cox,800000.0
Ellery Balcombe,400000.0
Vincent Angelini,
Nathan Collins,3500000000.0
Kristoffer Ajer,1600000000.0
Ethan Pinnock,400000000.0
Zanka,300000.0
Ben Mee,500000.0
Ji-soo Kim,200000000.0
Charlie Goode,225000.0
Benjamin Fredrick,800000.0
Benjamin Arthur,
Rico Henry,1500000000.0
Sergio Reguilón,500000000.0
Val Adedokun,
Aaron Hickey,1600000000.0
Mads Roerslev,600000000.0
Fin Stevens,500000.0
Vitaly Janelt,1800000000.0
Christian Nørgaard,900000000.0
Yunus Konak,450000000.0
Mathias Jensen,1200000000.0
Josh Dasilva,250000000.0
Yegor Yarmolyuk,2500000000.0
Frank Onyeka,700000000.0
Shandon Baptiste,160000000.0
Paris Maghoma,800000.0
Ethan Brierley,350000.0
Ryan Trevitt,275000.0
Keane Lewis-Potter,2200000000.0
Mikkel Damsgaard,3000000000.0
Saman Ghoddos,130000000.0
Myles Peart-Harris,900000.0
Kevin Schade,3500000000.0
Bryan Mbeumo,7500000000.0
Michael Olakigbe,550000.0
Ivan Toney,2000000000.0
Yoane Wissa,3500000000.0
Emiliano Martínez,1500000000.0
Joe Gauci,140000000.0
Robin Olsen,700000.0
Filip Marschall,850000.0
Oliwier Zych,100000000.0
James Wright,200000.0
Sam Proctor,
Lander Emery,25000.0
Pau Torres,
Ezri Konsa,3500000000.0
Diego Carlos,850000000.0
Tyrone Mings,400000000.0
Clément Lenglet,600000000.0
Calum Chambers,100000000.0
Kortney Hause,800000.0
Josh Feeney,550000.0
Álex Moreno,350000000.0
Lucas Digne,800000000.0
Sebastian Revan,550000.0
Finley Munroe,250000.0
Travis Patterson,
Matty Cash,2200000000.0
Kaine Kesler-Hayden,400000000.0
Boubacar Kamara,4000000000.0
Leander Dendoncker,400000000.0
Douglas Luiz,2500000000.0
Jacob Ramsey,3500000000.0
John McGinn,1500000000.0
Youri Tielemans,3500000000.0
Tim Iroegbunam,1200000000.0
Emiliano Buendía,1800000000.0
Nicolò Zaniolo,1300000000.0
Morgan Rogers,7000000000.0
Philippe Coutinho,350000000.0
Omari Kellyman,150000000.0
Tommi O'Reilly,250000.0
Jaden Philogene,1800000000.0
Kadan Young,200000.0
Moussa Diaby,2800000000.0
Leon Bailey,1800000000.0
Bertrand Traoré,500000000.0
Ollie Watkins,3000000000.0
Jhon Durán,3200000000.0
Guglielmo Vicario,3000000000.0
Hugo Lloris,100000000.0
Fraser Forster,600000.0
Brandon Austin,500000.0
Alfie Whiteman,
Cristian Romero,6000000000.0
Micky van de Ven,6500000000.0
Radu Drăgușin,2200000000.0
Davinson Sánchez,1800000000.0
Ben Davies,500000000.0
Joe Rodon,1200000000.0
Ashley Phillips,300000000.0
Alfie Dorrington,700000.0
Destiny Udogie,4000000000.0
Ryan Sessegnon,2000000000.0
Pedro Porro,4000000000.0
Emerson Royal,800000000.0
Yves Bissouma,1500000000.0
Rodrigo Bentancur,2700000000.0
Pierre-Emile Højbjerg,1800000000.0
Oliver Skipp,700000000.0
Pape Matar Sarr,3500000000.0
Tyrese Hall,100000.0
James Maddison,3000000000.0
Dejan Kulusevski,4500000000.0
Giovani Lo Celso,1500000000.0
Jamie Donley,150000000.0
Heung-min Son,1700000000.0
Bryan Gil,1200000000.0
Manor Solomon,900000000.0
Ivan Perišić,130000000.0
Yago Santiago,800000.0
Mikey Moore,1600000000.0
Brennan Johnson,3500000000.0
Richarlison,2800000000.0
Alejo Veliz,350000000.0
Dane Scarlett,200000000.0
Alphonse Areola,700000000.0
Lukasz Fabianski,250000.0
Joseph Anang,275000.0
Jacob Knightbridge,
Nayef Aguerd,2200000000.0
Kurt Zouma,400000000.0
Thilo Kehrer,1800000000.0
Kaelan Casey,100000000.0
Angelo Ogbonna,150000.0
Levi Laing,100000.0
Emerson,1000000000.0
Aaron Cresswell,450000.0
Oliver Scarles,800000000.0
Ben Johnson,700000000.0
Vladimír Coufal,270000000.0
Edson Álvarez,2200000000.0
Tomáš Souček,1200000000.0
Flynn Downes,1200000000.0
Conor Coventry,200000000.0
James Ward-Prowse,600000000.0
Pablo Fornals,800000000.0
Lewis Orford,300000.0
Dan Chesters,125000.0
Lucas Paquetá,3500000000.0
George Earthy,200000000.0
Kamarai Swyer,100000.0
Saïd Benrahma,900000000.0
Maxwel Cornet,500000000.0
Mohammed Kudus,5500000000.0
Jarrod Bowen,3500000000.0
Danny Ings,350000000.0
Michail Antonio,700000.0
Callum Marshall,200000000.0
Divin Mubama,600000000.0
Bernd Leno,800000000.0
Marek Rodák,280000000.0
Steven Benda,100000000.0
Tosin Adarabioyo,2000000000.0
Issa Diop,1000000000.0
Calvin Bassey,2800000000.0
Tim Ream,200000.0
Luc De Fougerolles,100000000.0
Antonee Robinson,3000000000.0
Fodé Ballo-Touré,100000000.0
Timothy Castagne,1000000000.0
Kenny Tete,1100000000.0
Devan Tanton,225000.0
João Palhinha,2500000000.0
Harrison Reed,300000000.0
Saša Lukić,1200000000.0
Tom Cairney,750000.0
Tyrese Francois,275000.0
Matt Dibley-Dias,225000.0
Andreas Pereira,1500000000.0
Bobby De Cordova-Reid,150000000.0
Luke Harris,100000000.0
Kristian Sekularac,100000.0
Josh King,2000000000.0
Willian,500000.0
Harry Wilson,2000000000.0
Adama Traoré,800000000.0
Aleksandar Mitrović,1200000000.0
Rodrigo Muniz,2500000000.0
Raúl Jiménez,400000000.0
Carlos Vinícius,500000000.0
Jay Stansfield,1800000000.0
Odysseas Vlachodimos,400000000.0
Matz Sels,600000000.0
Ethan Horvath,100000000.0
Wayne Hennessey,
Murillo,5500000000.0
Moussa Niakhaté,1500000000.0
Andrew Omobamidele,700000000.0
Scott McKenna,400000000.0
Joe Worrall,400000000.0
Willy Boly,800000.0
Felipe,
Zach Abbott,300000.0
Neco Williams,2500000000.0
Nuno Tavares,1500000000.0
Harry Toffolo,200000000.0
Ola Aina,2000000000.0
Gonzalo Montiel,450000000.0
Serge Aurier,120000000.0
Ibrahim Sangaré,2200000000.0
Danilo,2200000000.0
Orel Mangala,1000000000.0
Cheikhou Kouyaté,150000.0
Jamie McDonnell,300000.0
Nicolás Domínguez,1600000000.0
Ryan Yates,1000000000.0
Remo Freuler,400000000.0
Lewis O'Brien,400000000.0
Harry Arter,
Brandon Aguilera,200000000.0
Morgan Gibbs-White,6500000000.0
Ui-jo Hwang,500000.0
Callum Hudson-Odoi,3000000000.0
Alex Mighten,700000.0
Anthony Elanga,5000000000.0
Josh Bowler,900000.0
Taiwo Awoniyi,1200000000.0
Chris Wood,800000000.0
Divock Origi,500000.0
Emmanuel Dennis,200000000.0
Rodrigo Ribeiro,250000000.0
Joe Gardner,200000.0
Esapa Osong,150000.0
André Onana,1500000000.0
Altay Bayındır,700000000.0
Radek Vítek,350000000.0
Tom Heaton,150000.0
Dermot Mee,
Lisandro Martínez,3500000000.0
Raphaël Varane,
Harry Maguire,1000000000.0
Victor Lindelöf,600000000.0
Willy Kambwala,400000000.0
Jonny Evans,
Rhys Bennett,100000.0
Louis Jackson,
Luke Shaw,1000000000.0
Tyrell Malacia,500000000.0
Álvaro Carreras,6000000000.0
Brandon Williams,100000000.0
Harry Amass,500000000.0
Diogo Dalot,2800000000.0
Aaron Wan-Bissaka,2200000000.0
Habeeb Ogunneye,75000.0
Sofyan Amrabat,1200000000.0
Casemiro,800000000.0
Toby Collyer,500000000.0
Kobbie Mainoo,4000000000.0
Scott McTominay,4500000000.0
Dan Gore,100000000.0
Bruno Fernandes,4000000000.0
Mason Mount,3200000000.0
Hannibal,1400000000.0
Christian Eriksen,300000000.0
Marcus Rashford,4000000000.0
Alejandro Garnacho,4500000000.0
Shola Shoretire,200000000.0
Antony,3000000000.0
Amad Diallo,5000000000.0
Facundo Pellistri,700000000.0
Omari Forson,180000000.0
Rasmus Højlund,4500000000.0
Anthony Martial,600000000.0
Joe Hugill,275000.0
Ethan Wheatley,150000.0
Alisson,1700000000.0
Caoimhín Kelleher,2200000000.0
Vitezslav Jaros,500000000.0
Adrián,400000.0
Marcelo Pitaluga,200000.0
Fabian Mrozek,
Ibrahima Konaté,5000000000.0
Virgil van Dijk,1800000000.0
Joe Gomez,1500000000.0
Jarell Quansah,4000000000.0
Joël Matip,
Nat Phillips,300000000.0
Rhys Williams,500000.0
Luke Chambers,800000.0
Amara Nallo,100000000.0
Andrew Robertson,1200000000.0
Konstantinos Tsimikas,1000000000.0
Owen Beck,130000000.0
Calum Scanlon,500000.0
Trent Alexander-Arnold,7000000000.0
Conor Bradley,3000000000.0
Calvin Ramsay,150000000.0
Stefan Bajcetic,700000000.0
James McConnell,200000000.0
Alexis Mac Allister,8500000000.0
Curtis Jones,4000000000.0
Thiago Alcántara,
Bobby Clark,500000000.0
Trey Nyoni,600000000.0
Tom Hill,125000.0
Dominik Szoboszlai,8500000000.0
Harvey Elliott,3000000000.0
Mateusz Musialowski,125000.0
Luis Díaz,7000000000.0
Cody Gakpo,7000000000.0
Diogo Jota,
Lewis Koumas,200000000.0
Mohamed Salah,3000000000.0
Ben Gannon-Doak,1800000000.0
Kaide Gordon,800000.0
Darwin Núñez,3500000000.0
Jayden Danns,800000.0
Bart Verbruggen,3500000000.0
Jason Steele,750000.0
Carl Rushworth,600000000.0
Tom McGill,500000.0
Adam Webster,700000000.0
Jan Paul van Hecke,3500000000.0
Igor Julio,1500000000.0
Lewis Dunk,400000000.0
Ed Turns,400000.0
Odeluga Offiah,180000000.0
Ben Jackson,
Leigh Kavanagh,175000.0
Noel Atom,
Pervis Estupiñán,1400000000.0
Imari Samuels,300000.0
Tariq Lamptey,800000000.0
Joël Veltman,250000000.0
Carlos Baleba,6000000000.0
Billy Gilmour,2000000000.0
Jack Hinshelwood,2200000000.0
Jack Hinchy,150000.0
Valentín Barco,2500000000.0
Jakub Moder,1000000000.0
Pascal Groß,350000000.0
Yasin Ayari,3000000000.0
Steven Alzate,250000000.0
James Milner,750000.0
Marc Leonard,700000.0
Jensen Weir,375000.0
Samy Chouchane,250000.0
Julio Enciso,2000000000.0
Facundo Buonanotte,1800000000.0
Andrew Moran,350000000.0
Adam Lallana,
Kaoru Mitoma,3000000000.0
Simon Adingra,2200000000.0
Ansu Fati,1000000000.0
Abdallah Sima,400000000.0
Jeremy Sarmiento,500000000.0
Luca Barrington,250000.0
Cameron Peupion,350000.0
Solly March,300000000.0
Benicio Baker,300000.0
Evan Ferguson,2500000000.0
João Pedro,6500000000.0
Danny Welbeck,400000000.0
Joshua Duffus,300000000.0
Mark O'Mahony,450000.0
Jan Oblak,1700000000.0
Horațiu Moldovan,200000000.0
Antonio Gomis,500000.0
Sergio Mestre,50000.0
Mario Hermoso,700000000.0
José María Giménez,1400000000.0
Çağlar Söyüncü,600000000.0
Stefan Savic,700000.0
César Azpilicueta,120000000.0
Gabriel Paulista,700000.0
Marco Moreno,700000.0
Ilias Kostis,500000.0
Reinildo Mandava,500000000.0
Javi Galán,350000000.0
Marcos Llorente,2200000000.0
Nahuel Molina,1500000000.0
Javier Boñar,800000.0
Arthur Vermeeren,2800000000.0
Axel Witsel,140000000.0
Rodrigo De Paul,1500000000.0
Pablo Barrios,6000000000.0
Koke,700000000.0
Saúl Ñíguez,250000000.0
Aitor Gismera,250000.0
Thomas Lemar,200000000.0
Sergio Guerrero,500000.0
Álex Calatrava,300000000.0
Rayane Belaid,600000.0
Samuel Lino,2000000000.0
Rodrigo Riquelme,800000000.0
Yannick Carrasco,600000000.0
Marcos Paulo,450000.0
Salim El Jebari,400000.0
Vitolo,
João Félix,2500000000.0
Antoine Griezmann,1100000000.0
Ángel Correa,900000000.0
Álvaro Morata,800000000.0
Memphis Depay,800000000.0
Adrián Niño,100000000.0
Abde Raihani,200000.0
Thibaut Courtois,1800000000.0
Andriy Lunin,1500000000.0
Kepa Arrizabalaga,700000000.0
Lucas Cañizares,400000.0
Mario de Luis,400000.0
Diego Piñeiro,100000.0
Fran González,100000000.0
Éder Militão,3000000000.0
Antonio Rüdiger,1200000000.0
David Alaba,400000000.0
Nacho Fernández,180000000.0
Álvaro Carrillo,600000.0
Edgar Pujol,200000.0
Jacobo Ramón,1800000000.0
Ferland Mendy,800000000.0
Fran García,1500000000.0
Daniel Carvajal,700000000.0
Lucas Vázquez,250000000.0
Vinícius Tobias,600000000.0
Álvaro Odriozola,800000.0
Aurélien Tchouaméni,7500000000.0
Mario Martín,500000000.0
Federico Valverde,12000000000.0
Eduardo Camavinga,5000000000.0
Toni Kroos,
Luka Modrić,400000000.0
Dani Ceballos,800000000.0
Théo Zidane,600000.0
Jude Bellingham,16000000000.0
Arda Güler,9000000000.0
Nico Paz,6500000000.0
Vinicius Junior,15000000000.0
Rodrygo,6000000000.0
Brahim Díaz,3500000000.0
Joselu,350000000.0
Álvaro Rodríguez,400000000.0
Gonzalo García,1500000000.0
Stole Dimitrievski,200000000.0
Dani Cárdenas,180000000.0
Miguel Ángel Morro,300000.0
Florian Lejeune,200000000.0
Abdul Mumin,400000000.0
Aridane Hernández,200000.0
Jorge Moreno,500000.0
Martín Pascual,400000.0
Alfonso Espino,100000000.0
Pep Chavarría,1000000000.0
Iván Balliu,120000000.0
Andrei Rațiu,1800000000.0
Miguel Crespo,300000000.0
Óscar Valentín,220000000.0
Kike Pérez,220000000.0
Unai López,250000000.0
Pathé Ciss,200000000.0
Diego Méndez,50000.0
Randy Nteka,120000000.0
José Pozo,400000.0
Óscar Trejo,400000.0
Álvaro García,180000000.0
Bebé,300000.0
Pablo Muñoz,200000.0
Jorge de Frutos,1200000000.0
Salvi Sánchez,200000.0
Isi Palazón,300000000.0
Sergio Camello,200000000.0
Raúl de Tomás,500000.0
Radamel Falcao,100000.0
Paulo Gazzaniga,200000000.0
Toni Fuidias,200000.0
Juan Carlos,100000.0
Eric García,3000000000.0
Daley Blind,140000000.0
David López,800000.0
Juanpe,500000.0
Bernardo Espinosa,
Eric Monjonell,250000.0
Antal Yaakobishvili,500000.0
Miguel Gutiérrez,1700000000.0
Arnau Martínez,1000000000.0
Ibrahima Kébé,400000.0
Selvi Clua,300000.0
Aleix García,2000000000.0
Yangel Herrera,900000000.0
Jhon Solís,250000000.0
Enric García,
Yan Couto,2000000000.0
Iván Martín,600000000.0
Pablo Torre,500000000.0
Borja García,
Ricard Artero,
Savinho,4500000000.0
Toni Villa,400000.0
Alex Almansa,150000.0
Juan Arango,50000.0
Jastin Garcia,200000.0
Viktor Tsygankov,1500000000.0
Portu,150000000.0
Valery Fernández,100000000.0
Iker Almena,150000000.0
Manu Vallejo,300000.0
Artem Dovbyk,2000000000.0
Cristhian Stuani,900000.0
Carles Garrido,25000.0
Filip Jørgensen,1500000000.0
Iker Álvarez,800000.0
Pepe Reina,
Juan Foyth,1500000000.0
Matteo Gabbia,2000000000.0
Jorge Cuenca,400000000.0
Eric Bailly,150000000.0
Stefan Lekovic,250000000.0
Aïssa Mandi,100000000.0
Raúl Albiol,800000.0
Antonio Espigares,500000.0
Abraham del Moral,150000.0
Alfonso Pedraza,250000000.0
Alberto Moreno,100000000.0
Carlos Romero,1500000000.0
Adrià Altimira,140000000.0
Kiko Femenía,800000.0
Daniel Budesca,200000.0
Étienne Capoue,
Francis Coquelin,800000.0
Santi Comesaña,800000000.0
Ramón Terrats,300000000.0
Dani Parejo,120000000.0
Manu Trigueros,400000.0
Dani Requena,600000.0
Denis Suárez,120000000.0
Álex Baena,5500000000.0
Gonçalo Guedes,600000000.0
Diego Collado,400000.0
Yéremy Pino,3500000000.0
Ilias Akhomach,1200000000.0
Alexander Sørloth,2000000000.0
Gerard Moreno,280000000.0
Álex Forés,800000.0
José Luis Morales,400000.0
Jorge Pascual,120000000.0
Rui Silva,700000000.0
Claudio Bravo,
Fran Vieites,180000000.0
Guilherme Fernandes,600000.0
Germán García,50000.0
Chadi Riad,1200000000.0
Luiz Felipe,300000000.0
Germán Pezzella,100000000.0
Nobel Mendy,600000000.0
Marc Bartra,100000000.0
Sokratis,
Ricardo Visus,900000.0
Juan Miranda,1500000000.0
Abner,700000000.0
Xavi Pleguezuelo,100000.0
Héctor Bellerín,250000000.0
Youssouf Sabaly,150000000.0
Pablo Busto,300000.0
Johnny Cardoso,2200000000.0
Guido Rodríguez,600000000.0
Marc Roca,400000000.0
William Carvalho,120000000.0
Paul Akouokou,600000.0
Sergi Altimira,2000000000.0
Andrés Guardado,
Ginés Sorroche,200000.0
Quique Fernández,100000.0
Nabil Fekir,550000000.0
Isco,400000000.0
Dani Pérez,300000.0
Assane Diao,3000000000.0
Abde Ezzalzouli,2000000000.0
Juan Cruz,300000000.0
Luiz Henrique,2400000000.0
Aitor Ruibal,350000000.0
Rodri Sánchez,300000000.0
Ayoze Pérez,600000000.0
Willian José,140000000.0
Chimy Ávila,150000000.0
Cédric Bakambu,140000000.0
Giorgi Mamardashvili,2800000000.0
Jaume Doménech,
Cristian Rivero,100000.0
Vicent Abril,200000.0
Cristhian Mosquera,3500000000.0
Yarek Gasiorowski,1600000000.0
Cenk Özkacar,200000000.0
Mouctar Diakhaby,280000000.0
César Tárrega,1500000000.0
José Gayà,500000000.0
Jesús Vázquez,300000000.0
Thierry Correia,300000000.0
Dimitri Foulquier,120000000.0
Rubén Iranzo,300000.0
Pepelu,900000000.0
Hugo Guillamón,200000000.0
Javi Guerra,2500000000.0
Ali Fadal,100000.0
Javi Navarro,100000.0
André Almeida,900000000.0
Selim Amallah,150000000.0
Pablo Gozálbez,500000.0
Sergi Canós,800000.0
Marco Camus,200000.0
Diego López,1500000000.0
Fran Pérez,300000000.0
Peter Federico,150000000.0
David Otorbi,500000.0
Hugo González,400000.0
Martín Tejón,100000000.0
Hugo Duro,1200000000.0
Roman Yaremchuk,250000000.0
Alberto Marí,800000.0
Mario Domínguez,200000.0
Joselu Pérez,150000.0
Conan Ledesma,180000000.0
David Gil,400000.0
Victor Aznar,120000000.0
Nando Almodóvar,50000.0
Fali,400000.0
Víctor Chust,400000000.0
Aiham Ousou,300000000.0
Jorge Meré,150000.0
Luis Hernández,
Momo Mbaye,450000.0
Álex Morata,150000.0
Adri Miranda,100000.0
Adrián Salguero,100000.0
Javi Hernández,200000000.0
Lucas Pires,500000000.0
Julio Cabrera,200000.0
Iván Alejo,100000000.0
Iza Carcelén,700000.0
Joseba Zaldua,300000.0
José Mari,
Rominigue Kouamé,200000000.0
Rubén Alcaraz,400000.0
Álex Fernández,400000.0
Gonzalo Escalante,500000.0
Fede San Emeterio,400000.0
Álvaro Bastida,200000.0
Martín Calderón,200000.0
Moussa Diakité,100000000.0
Juanmi,120000000.0
Darwin Machís,450000.0
Brian Ocampo,100000000.0
Robert Navarro,600000000.0
José Antonio de la Rosa,800000.0
Nico Njalla,150000.0
Chris Ramos,250000000.0
Milutin Osmajic,300000000.0
Maxi Gómez,200000000.0
Rubén Sobrino,500000.0
Roger Martí,300000.0
Sergi Guardiola,400000.0
Karl Etta Eyong,2000000000.0
Álvaro Negredo,
Borja Vázquez,100000.0
Sergio Herrera,300000000.0
Aitor Fernández,600000.0
Pablo Valencia,150000.0
Dimitrios Stamatakis,200000.0
David García,500000000.0
Jorge Herrando,350000000.0
Alejandro Catena,280000000.0
Unai García,600000.0
Johan Mojica,180000000.0
Jesús Areso,1000000000.0
Rubén Peña,600000.0
Nacho Vidal,160000000.0
Iñigo Arguibide,500000.0
Iker Muñoz,200000000.0
Lucas Torró,280000000.0
Jon Moncayola,700000000.0
Pablo Ibáñez,300000000.0
Darko Brasanac,400000.0
Asier Osambela,100000000.0
Aimar Oroz,900000000.0
Moi Gómez,180000000.0
Javi Martínez,800000.0
Xabi Huarte,200000.0
José Manuel Arnáiz,900000.0
Rubén García,180000000.0
Kike Barja,150000000.0
Ante Budimir,300000000.0
Raúl García,300000000.0
Max Svensson,300000.0
Augusto Batalla,600000000.0
André Ferreira,600000.0
Marc Martínez,150000.0
Adri López,150000.0
Raúl Fernández,200000.0
Pol Tristán,50000.0
Fran Árbol,150000.0
Bruno Méndez,500000000.0
Raúl Torrente,350000000.0
Kamil Piątkowski,300000000.0
Miguel Rubio,200000000.0
Ignasi Miquel,500000.0
Jesús Vallejo,100000000.0
Miki Bosch,200000.0
Faitout Maouassa,100000000.0
Carlos Neva,100000000.0
Miguel Ángel Brau,100000000.0
Ricard Sánchez,200000000.0
Wilson Manafá,100000000.0
Víctor Díaz,
Gerard Gumbau,140000000.0
Martin Hongla,120000000.0
Njegos Petrovic,300000000.0
Gonzalo Villar,180000000.0
Sergio Ruiz,150000000.0
Lass Sangaré,100000.0
Óscar Melendo,100000000.0
Mario González,100000.0
Myrto Uzuni,500000000.0
Kamil Jóźwiak,900000.0
Alberto Perea,100000.0
Sergio Rodelas,800000.0
Antonio Puertas,800000.0
Theo Corbeanu,180000000.0
José Callejón,
Alberto Soro,500000.0
Pablo Sáenz,700000.0
Samu Aghehowa,5000000000.0
Lucas Boyé,500000000.0
Matías Arezo,600000000.0
Shon Weissman,750000.0
Famara Diédhiou,250000.0
Eghosa Bello,50000.0
Unai Simón,2500000000.0
Julen Agirrezabala,1500000000.0
Álex Padilla,300000000.0
Dani Vivian,3000000000.0
Aitor Paredes,1800000000.0
Yeray Álvarez,100000000.0
Unai Egiluz,600000.0
Yuri Berchiche,120000000.0
Imanol García de Albéniz,800000.0
Iñigo Lekue,120000000.0
Óscar de Marcos,
Hugo Rincón,250000000.0
Mikel Vesga,150000000.0
Dani García,800000.0
Peru Nolaskoain,700000.0
Beñat Prados,1800000000.0
Iñigo Ruiz de Galarreta,250000000.0
Ander Herrera,500000.0
Mikel Jauregizar,3000000000.0
Oihan Sancet,4000000000.0
Unai Gómez,500000000.0
Nico Williams,6000000000.0
Álex Berenguer,500000000.0
Iker Muniain,
Iñaki Williams,1000000000.0
Adu Ares,140000000.0
Aingeru Olabarrieta,800000.0
Gorka Guruzeta,500000000.0
Asier Villalibre,200000000.0
Javi Martón,700000.0
David Soria,300000000.0
Daniel Fuzato,900000.0
Jorge Benito,25000.0
Djordjije Medenica,
Gastón Álvarez,800000000.0
Omar Alderete,1200000000.0
Dakonam Djené,160000000.0
Domingos Duarte,800000.0
Stefan Mitrovic,250000.0
Nabil Aberdin,600000.0
Sergio Gimeno,
Diego Rico,120000000.0
Fabrizio Angileri,700000.0
Jordi Martín,600000.0
Gorka Rivera,100000.0
Alejandro Herranz,25000.0
José Ángel Carmona,1200000000.0
Juan Iglesias,500000000.0
Damián Suárez,50000.0
Nemanja Maksimovic,420000000.0
Mauro Arambarri,1000000000.0
Luis Milla,350000000.0
Carles Aleñá,300000000.0
Yellu Santiago,900000.0
John Patrick,800000.0
Facu Esnáider,75000.0
Óscar Rodríguez,180000000.0
Santi García,150000000.0
Alberto Risco,200000.0
Jeremy Jorge,200000.0
Yassin Tallal,100000.0
Mason Greenwood,5000000000.0
Borja Mayoral,750000000.0
Juanmi Latasa,200000000.0
Choco Lozano,900000.0
Jaime Mata,100000.0
Luís Maximiano,350000000.0
Fernando Martínez,200000.0
Diego Mariño,100000.0
Bruno Iribarne,150000.0
Srdjan Babic,500000000.0
Marc Pubill,1500000000.0
Edgar González,150000000.0
César Montes,700000000.0
Kaiky,150000000.0
Chumi,100000000.0
Aleksandar Radovanovic,450000.0
Paco Sanz,100000.0
Sergio Akieme,500000000.0
Bruno Langa,100000000.0
Álex Centelles,800000.0
Arvin Appiah,700000.0
Houboulang Mendes,550000.0
Miguel Peña,50000.0
Carlos Ballestero,25000.0
Dion Lopy,400000000.0
Lucas Robertone,200000000.0
Iddrisu Baba,100000000.0
Arnau Puigmal,150000000.0
Gonzalo Melero,800000.0
Marcos Peña,150000000.0
Gui Guedes,600000.0
Martin Svidersky,275000.0
Sergio Arribas,1000000000.0
Jonathan Viera,400000.0
Largie Ramazani,600000000.0
Lázaro,200000000.0
Luka Romero,320000000.0
Álex Pozo,150000000.0
Adrián Embarba,100000000.0
Luis Suárez,2200000000.0
Ibrahima Koné,700000.0
Léo Baptistão,800000.0
Marko Milovanović,200000000.0
Marciano Sanca,200000.0
Rachad Fettal,700000.0
Predrag Rajković,700000000.0
Dominik Greif,800000000.0
Iván Cuéllar,100000.0
Pere García,50000.0
Alex Quevedo,50000.0
Martin Valjent,450000000.0
José Copete,400000000.0
Siebe Van der Heyden,300000000.0
Antonio Raíllo,150000000.0
Matija Nastasić,700000.0
Toni Lato,150000000.0
Jaume Costa,
Marcos Fernández,25000.0
Pablo Maffeo,500000000.0
Giovanni González,250000000.0
Carles Sogorb,
Yuzún Ley,
Samú Costa,1500000000.0
Omar Mascarell,800000.0
Sergi Darder,350000000.0
Manu Morlanes,240000000.0
Antonio Sánchez,240000000.0
Rubén Quintanilla,200000.0
Dani Rodríguez,100000.0
Daniel Luna,600000.0
Nemanja Radonjic,250000000.0
Javi Llabrés,800000.0
Amath Ndiaye,900000.0
Miguelito,100000.0
Vedat Muriqi,450000000.0
Cyle Larin,350000000.0
Abdón Prats,900000.0
Pau Mascaró,50000.0
Marc-André ter Stegen,700000000.0
Iñaki Peña,800000000.0
Ander Astralaga,800000.0
Diego Kochen,500000.0
Áron Yaakobishvili,150000000.0
Ronald Araujo,2500000000.0
Andreas Christensen,1000000000.0
Pau Cubarsí,8000000000.0
Mikayil Faye,600000000.0
Iñigo Martínez,450000000.0
Marcos Alonso,140000000.0
Alejandro Balde,6000000000.0
Jules Koundé,6500000000.0
João Cancelo,1000000000.0
Héctor Fort,1200000000.0
Marc Casadó,2500000000.0
Oriol Romeu,700000.0
Pau Prim,450000.0
Gavi,4000000000.0
Pedri,14000000000.0
Frenkie de Jong,4500000000.0
İlkay Gündoğan,350000000.0
Sergi Roberto,150000000.0
Unai Hernández,130000000.0
Aleix Garrido,100000000.0
Fermín López,7000000000.0
Raphinha,8000000000.0
Ángel Alarcón,200000000.0
Lamine Yamal,20000000000.0
Ferran Torres,5000000000.0
Vitor Roque,3500000000.0
Robert Lewandowski,900000000.0
Marc Guiu,1200000000.0
Pau Víctor,1000000000.0
Álvaro Valles,250000000.0
Aarón Escandell,200000000.0
Ale Gorrin,
Álvaro Killane,50000.0
Mika Mármol,1000000000.0
Saúl Coco,900000000.0
Álex Suárez,600000.0
Juanma Herzog,150000000.0
Eric Curbelo,400000.0
Sergi Cardona,1000000000.0
Daley Sinkgraven,400000.0
Gabriel Palmero,
Julián Araujo,1000000000.0
Marvin Park,120000000.0
Álvaro Lemos,400000.0
Nuke Mfulu,400000.0
Enzo Loiodice,120000000.0
Javi Muñoz,150000000.0
José Campaña,750000.0
Fabio González,450000.0
Iñaki González,200000.0
Aboubacar Bassinga,200000.0
Kirian Rodríguez,100000000.0
Munir El Haddadi,150000000.0
Yadam Santana,25000.0
Alberto Moleiro,3000000000.0
Benito Ramírez,600000.0
Pejiño,600000.0
Sandro Ramírez,100000000.0
Sory Kaba,130000000.0
Marc Cardona,500000.0
Cristian Herrera,100000.0
Pau Ferrer,150000.0
Álex Remiro,1400000000.0
Gaizka Ayesa,300000.0
Unai Marrero,600000.0
Aitor Fraga,500000.0
Robin Le Normand,3000000000.0
Igor Zubeldia,900000000.0
Jon Pacheco,500000000.0
Aritz Elustondo,180000000.0
Jon Martín,1000000000.0
Aihen Muñoz,350000000.0
Hamari Traoré,180000000.0
Jon Aramburu,1500000000.0
Alberto Dadie,300000.0
Iñaki Rupérez,300000.0
Martín Zubimendi,7500000000.0
Urko González de Zárate,500000000.0
Mikel Merino,3000000000.0
Beñat Turrientes,800000000.0
Jon Ander Olasagasti,180000000.0
Brais Méndez,1200000000.0
Arsen Zakharyan,750000000.0
Pablo Marín,800000000.0
Jon Magunazelaia,900000.0
Ander Barrenetxea,2000000000.0
Martín Merquelanz,200000.0
Takefusa Kubo,3000000000.0
Mohamed-Ali Cho,1200000000.0
Álex Sola,200000000.0
Mikel Oyarzabal,2500000000.0
Umar Sadiq,400000000.0
André Silva,300000000.0
Jon Karrikaburu,200000000.0
Carlos Fernández,100000000.0
Bryan Fiabema,300000.0
Antonio Sivera,600000000.0
Jesús Owono,900000.0
Adrián Rodríguez,200000.0
Gaizka García,
Rubén Montero,
Abdel Abqar,600000000.0
Rafa Marín,1200000000.0
Rubén Duarte,230000000.0
Nikola Maras,800000.0
Aleksandar Sedlar,275000.0
Javi López,500000000.0
Victor Parada,200000000.0
Eneko Ortiz,150000.0
Andoni Gorosabel,400000000.0
Nahuel Tenaglia,300000000.0
Egoitz Muñoz,200000.0
Joseda Álvarez,100000.0
Antonio Blanco,1000000000.0
Carlos Protesoni,100000000.0
Tomás Mendes,500000.0
Ander Guevara,300000000.0
Jon Guridi,250000000.0
Selu Diallo,200000.0
Ianis Hagi,180000000.0
Ander Sánchez,50000.0
Luis Rioja,200000000.0
Abde Rebbach,150000000.0
José de León,150000.0
Carlos Vicente,700000000.0
Giuliano Simeone,4000000000.0
Xeber Alkain,800000.0
Unai Ropero,500000.0
Miguel de la Fuente,200000000.0
Mamadou Sylla,120000000.0
Kike García,800000.0
Joaquín Panichelli,2500000000.0
Giorgi Gagua,450000.0
Yassine Bounou,350000000.0
Ørjan Nyland,900000.0
Marko Dmitrovic,800000.0
Alberto Flores,300000.0
Matías Árbol,100000.0
Rafa Romero,50000.0
Loïc Badé,2800000000.0
Kike Salas,600000000.0
Marcão,250000000.0
Federico Gattoni,100000000.0
Tanguy Nianzou,140000000.0
Sergio Ramos,800000.0
Xavi Sintes,300000.0
Adrià Pedrosa,400000000.0
Marcos Acuña,180000000.0
Diego Hormigo,300000.0
Oso,200000000.0
Juanlu Sánchez,1500000000.0
Darío Benavides,400000.0
Boubakary Soumaré,1200000000.0
Lucien Agoumé,1200000000.0
Nemanja Gudelj,250000000.0
Fernando,500000.0
Djibril Sow,750000000.0
Óliver Torres,350000000.0
Joan Jordán,200000000.0
Ivan Rakitic,
Manu Bueno,150000000.0
Lulo Dasilva,150000.0
Alberto Collado,300000.0
Jesús Navas,
Suso,120000000.0
Stanis Idumbo,500000000.0
Miguel Capitas,200000.0
Lucas Ocampos,450000000.0
Isra Domínguez,200000.0
Papu Gómez,900000.0
Dodi Lukébakio,2000000000.0
Jesús Corona,180000000.0
Erik Lamela,
Adnan Januzaj,120000000.0
Youssef En-Nesyri,2200000000.0
Isaac Romero,600000000.0
Rafa Mir,400000000.0
Mariano Díaz,800000.0
Ibra Sow,250000.0
Iván Villar,900000.0
Agustín Marchesín,700000.0
Vicente Guaita,400000.0
Coke Carrillo,200000.0
César Fernández,200000.0
Ruly García,350000.0
Unai Núñez,350000000.0
Carl Starfelt,500000000.0
Joseph Aidoo,100000000.0
Carlos Domínguez,300000000.0
Javi Rodríguez,1500000000.0
Yoel Lago,250000000.0
Javi Domínguez,150000.0
Manu Sánchez,600000000.0
Mihailo Ristic,800000.0
Joel López,200000.0
Óscar Mingueza,1800000000.0
Kevin Vázquez,400000.0
Javi Rueda,300000000.0
Renato Tapia,180000000.0
Jailson,800000.0
Damián Rodríguez,200000000.0
Fran Beltrán,500000000.0
Luca de la Torre,300000000.0
Hugo Sotelo,900000000.0
Carlos Dotor,100000000.0
Gabri Veiga,2300000000.0
Jonathan Bamba,350000000.0
Williot Swedberg,1000000000.0
Hugo Álvarez,800000000.0
Franco Cervi,700000.0
Tadeo Allende,500000000.0
Carles Pérez,180000000.0
Miguel Rodríguez,650000000.0
Jørgen Strand Larsen,4000000000.0
Anastasios Douvikas,1000000000.0
Iago Aspas,180000000.0
Lorenzo Montipò,200000000.0
Simone Perilli,400000.0
Giacomo Toniolo,75000.0
Mattia Chiesa,25000.0
Alessandro Berardi,
Isak Hien,2500000000.0
Diego Coppola,1000000000.0
Filippo Terracciano,450000000.0
Bruno Amione,300000000.0
Giangiacomo Magnani,140000000.0
Paweł Dawidowicz,200000000.0
Federico Ceccherini,400000.0
Koray Günter,700000.0
Christian Corradi,700000.0
Nicolò Calabrese,500000.0
Josh Doig,500000000.0
Juan Cabal,900000000.0
Fabien Centonze,120000000.0
Jackson Tchatchoua,1200000000.0
Davide Faraoni,600000.0
Reda Belahyane,850000000.0
Charlys,750000.0
Joselito,100000.0
Michael Folorunsho,600000000.0
Suat Serdar,450000000.0
Ondrej Duda,320000000.0
Dani Silva,250000000.0
Ajdin Hrustic,700000.0
Rúben Vinagre,250000000.0
Darko Lazović,700000.0
Tomas Suslov,500000000.0
Alphadjo Cissè,600000000.0
Riccardo Saponara,
Stefan Mitrović,100000000.0
Jayden Braaf,600000.0
Cyril Ngonge,800000000.0
Tijjani Noslin,650000000.0
Jordi Mboula,500000.0
Elayis Tavsan,150000000.0
Yayah Kallon,400000.0
Nicola Patanè,175000.0
Denis Cazzadori,200000.0
Karol Świderski,500000000.0
Federico Bonazzoli,220000000.0
Thomas Henry,100000000.0
Siren Diao,150000000.0
Milan Djuric,100000000.0
Juan Manuel Cruz,175000.0
Junior Ajayi,300000.0
Maduka Okoye,800000000.0
Marco Silvestri,500000.0
Daniele Padelli,150000.0
Federico Mosca,
Edoardo Piana,225000.0
Joel Malusà,
Nehuén Pérez,1300000000.0
Jaka Bijol,1800000000.0
Thomas Kristensen,900000000.0
Enzo Ebosse,150000000.0
Lautaro Giannetti,150000000.0
Adam Masina,140000000.0
Matteo Palma,500000000.0
Christian Kabasele,800000.0
Antonio Tikvic,700000.0
Axel Guessand,300000.0
James Abankwah,150000000.0
Samuel John Nwachukwu,100000.0
Jordan Zemura,400000000.0
Hassane Kamara,300000000.0
Festy Ebosele,450000000.0
Kingsley Ehizibue,200000000.0
João Ferreira,300000000.0
Walace,450000000.0
Étienne Camara,250000000.0
Sandi Lovrić,600000000.0
Martín Payero,600000000.0
Oier Zarraga,180000000.0
Roberto Pereyra,800000.0
Domingos Quina,100000000.0
Marco Ballarini,100000.0
Bor Zunec,
Lazar Samardžić,1500000000.0
Simone Pafundi,500000000.0
David Pejičić,100000000.0
Marley Aké,180000000.0
Florian Thauvin,500000000.0
Lorenzo Lucca,2500000000.0
Brenner,400000000.0
Keinan Davis,400000000.0
Isaac Success,900000.0
Gerard Deulofeu,500000.0
Vivaldo Semedo,100000000.0
Sekou Diawara,
Stefano Turati,300000000.0
Michele Cerofolini,500000.0
Michele Avella,100000.0
Lorenzo Palmisani,140000000.0
Pierluigi Frattali,
Caleb Okoli,1200000000.0
Ilario Monterisi,180000000.0
Kevin Bonifazi,300000.0
Simone Romagnoli,250000.0
Przemysław Szymiński,150000.0
Karlo Lulic,350000.0
Mateus Lusuardi,800000.0
Sergio Kalaj,150000.0
Matjaz Kamensek-Pahic,
Daniel Macej,
Riccardo Marchizza,100000000.0
Emanuele Valeri,300000000.0
Nadir Zortea,750000000.0
Anthony Oyono,140000000.0
Pol Lirola,200000000.0
Enzo Barrenechea,1500000000.0
Matteo Cichella,900000.0
Luca Mazzitelli,140000000.0
Marco Brescianini,750000000.0
Abdou Harroui,180000000.0
Mehdi Bourabia,400000.0
İsak Vural,500000000.0
Hamza Haoudi,50000.0
Kalifa Kujabi,200000.0
Lukas Klitten,650000.0
Arijon Ibrahimovic,500000000.0
Reinier,150000000.0
Giuseppe Caso,900000.0
Luca Garritano,350000.0
Francesco Gelli,500000.0
Jaime Báez,600000.0
Giorgi Kvernadze,150000000.0
Soufiane Bidaoui,
Matías Soulé,3500000000.0
Demba Seck,120000000.0
Luigi Canotto,300000.0
Farès Ghedjemis,150000000.0
Walid Cheddira,230000000.0
Kaio Jorge,2200000000.0
Gennaro Borrelli,300000000.0
Marvin Cuni,800000.0
Alessandro Selvini,200000.0
Alejandro Cichero,300000.0
Alessio Cragno,700000.0
Andrea Consigli,
Daniel Theiner,100000.0
Gianluca Pegolo,
Alessandro Scacchetti,100000.0
Mattia Viti,400000000.0
Marash Kumbulla,500000000.0
Martin Erlić,400000000.0
Ruan,200000000.0
Gian Marco Ferrari,
Kevin Miranda,250000.0
Seb Loeffen,
Matías Viña,400000000.0
Matteo Falasca,150000.0
Marcus Pedersen,350000000.0
Jeremy Toljan,220000000.0
Filippo Missori,170000000.0
Yeferson Paz,400000.0
Maxime Lopez,600000000.0
Daniel Boloca,500000000.0
Luca Lipani,450000000.0
Uros Racic,300000000.0
Matheus Henrique,450000000.0
Kristian Thorstvedt,1000000000.0
Justin Kumi,120000000.0
Pedro Obiang,400000.0
Salim Abubakar,175000.0
Nedim Bajrami,250000000.0
Cristian Volpato,1000000000.0
Armand Laurienté,1400000000.0
Emil Konradsen Ceide,180000000.0
Domenico Berardi,750000000.0
Samu Castillejo,375000.0
Andrea Pinamonti,1500000000.0
Agustín Álvarez,370000000.0
Samuele Mulattieri,300000000.0
Grégoire Defrel,350000.0
Vanja Milinković-Savić,2000000000.0
Mihai Popa,500000.0
Luca Gemello,250000.0
Pietro Passador,100000.0
Matteo Brezzo,50000.0
Alessandro Buongiorno,4500000000.0
Wilfried Singo,2800000000.0
Perr Schuurs,100000000.0
Matteo Lovato,280000000.0
David Zima,700000000.0
Saba Sazonov,130000000.0
Koffi Djidji,500000.0
Alessandro Dellavalle,270000000.0
Ange N'Guessan,350000000.0
Ricardo Rodríguez,150000000.0
Vimoj Muntu Wa Mungu,
Jacopo Antolini,50000.0
Mërgim Vojvoda,300000000.0
Brian Bayeye,250000.0
Ali Dembélé,800000.0
Côme Bianay Balcot,175000.0
Samuele Ricci,2500000000.0
Adrien Tamèze,200000000.0
Ivan Ilić,1000000000.0
Karol Linetty,150000000.0
Emirhan İlkhan,150000000.0
Gvidas Gineitis,550000000.0
Aaron Ciammaglichella,700000.0
Raoul Bellanova,2200000000.0
Valentino Lazaro,400000000.0
Brandon Soppy,150000000.0
Nikola Vlašić,900000000.0
Simone Verdi,500000.0
Jonathan Silva,500000.0
Yann Karamoh,150000000.0
Alieu Njie,250000000.0
Zanos Savva,200000.0
Uros Kabic,500000.0
Duván Zapata,300000000.0
Antonio Sanabria,250000000.0
Pietro Pellegri,180000000.0
David Okereke,150000000.0
Guillermo Ochoa,300000.0
Benoît Costil,
Vincenzo Fiorillo,100000.0
Pasquale Allocca,
Gregorio Salvati,150000.0
Flavius Daniliuc,300000000.0
Lorenzo Pirola,900000000.0
Marco Pellegrino,380000000.0
Norbert Gyömbér,900000.0
Dylan Bronn,100000000.0
Konstantinos Manolas,
Triantafyllos Pasalidis,450000.0
Jérôme Boateng,
Federico Fazio,
Andrei Motoc,100000.0
Emanuele Elia,
Niccolò Guccione,50000.0
Domagoj Bradarić,250000000.0
Tommaso Ferrari,50000.0
Alessandro Zanoli,500000000.0
Pasquale Mazzocchi,170000000.0
Junior Sambia,800000.0
Niccolò Pierozzi,350000000.0
Mateusz Legowski,220000000.0
Emil Bohinen,130000000.0
Ciro Borrelli,25000.0
Lassana Coulibaly,250000000.0
Giulio Maggiore,900000.0
Toma Bašić,250000000.0
Grigoris Kastanos,140000000.0
Mamadou Coulibaly,600000.0
Iron Gomis,120000000.0
Antonio Pio Iervolino,100000.0
Rocco Di Vico,250000.0
Agustín Martegani,500000.0
Jovane Cabral,800000.0
Andres Sfait,400000.0
Loum Tchaouna,1500000000.0
Emanuel Vignato,450000.0
Antonio Candreva,
Luca Boncori,200000.0
Boulaye Dia,1000000000.0
Erik Botheim,350000000.0
Chukwubuikem Ikwuemesi,150000000.0
Simy,350000.0
Mikael,800000.0
Trivante Stewart,150000000.0
Gerardo Fusco,275000.0
Lukasz Skorupski,250000000.0
Federico Ravaglia,200000000.0
Nicola Bagnolini,200000.0
Tito Gasperini,
Sam Beukema,2800000000.0
Jhon Lucumí,2500000000.0
Stefan Posch,550000000.0
Mihajlo Ilić,250000000.0
Adama Soumaoro,350000.0
Joaquín Sosa,550000.0
Riccardo Stivanello,150000.0
Riccardo Calafiori,5000000000.0
Victor Kristiansen,1400000000.0
Tommaso Corazza,150000000.0
Charalampos Lykogiannis,150000000.0
Lorenzo De Silvestri,700000.0
Jerdy Schouten,2200000000.0
Nikola Moro,650000000.0
Oussama El Azzouzi,180000000.0
Lewis Ferguson,2000000000.0
Michel Aebischer,450000000.0
Niklas Pyyhtiä,170000000.0
Alexis Saelemaekers,2500000000.0
Giovanni Fabbian,1000000000.0
Kacper Urbański,350000000.0
Jens Odgaard,1500000000.0
Jesper Karlsson,400000000.0
Tommaso Ravaglioli,400000.0
Riccardo Orsolini,2500000000.0
Dan Ndoye,4000000000.0
Joshua Zirkzee,2500000000.0
Santiago Castro,3500000000.0
Marko Arnautovic,250000000.0
Sydney van Hooijdonk,130000000.0
Wojciech Szczęsny,900000.0
Mattia Perin,200000000.0
Giovanni Daffara,600000.0
Carlo Pinsoglio,200000.0
Giovanni Garofani,75000.0
Gian Marco Crespi,175000.0
Simone Scaglia,25000.0
Bremer,3500000000.0
Federico Gatti,2000000000.0
Tiago Djaló,700000000.0
Dean Huijsen,7000000000.0
Daniele Rugani,200000000.0
Tarik Muharemović,1400000000.0
Alex Sandro,150000000.0
Mattia De Sciglio,600000.0
Manuel Locatelli,2500000000.0
Adrien Rabiot,2000000000.0
Weston McKennie,2200000000.0
Fabio Miretti,1400000000.0
Nicolò Fagioli,1400000000.0
Carlos Alcaraz,1500000000.0
Hans Nicolussi Caviglia,700000000.0
Joseph Nonge,180000000.0
Luis Hasa,200000000.0
Paul Pogba,500000000.0
Timothy Weah,2000000000.0
Andrea Cambiaso,3000000000.0
Samuel Iling-Junior,1000000000.0
Filip Kostić,350000000.0
Nikola Sekulov,450000.0
Kenan Yıldız,7500000000.0
Federico Chiesa,1800000000.0
Dušan Vlahović,3500000000.0
Moise Kean,4500000000.0
Arkadiusz Milik,150000000.0
Leonardo Cerri,700000.0
Tommaso Mancini,300000.0
Mike Maignan,2500000000.0
Marco Sportiello,100000000.0
Noah Raveyre,150000000.0
Lapo Nava,100000.0
Antonio Mirante,
Andrea Bartoccioni,50000.0
Lorenzo Torriani,500000.0
Fikayo Tomori,2000000000.0
Malick Thiaw,4000000000.0
Pierre Kalulu,2800000000.0
Jan-Carlo Simić,1200000000.0
Simon Kjaer,
Mattia Caldara,
Clinton Nsiala,500000.0
Theo Hernández,2800000000.0
Davide Bartesaghi,1800000000.0
Davide Calabria,450000000.0
Álex Jiménez,1800000000.0
Alessandro Florenzi,
Ismaël Bennacer,900000000.0
Yacine Adli,900000000.0
Rade Krunic,400000000.0
Victor Eletu,225000.0
Tijjani Reijnders,6500000000.0
Ruben Loftus-Cheek,1000000000.0
Yunus Musah,1800000000.0
Tommaso Pobega,900000000.0
Kevin Zeroli,380000000.0
Rafael Leão,7000000000.0
Noah Okafor,1800000000.0
Chaka Traorè,700000.0
Diego Sia,400000.0
Christian Pulisic,6000000000.0
Samuel Chukwueze,1000000000.0
Francesco Camarda,1500000000.0
Luka Jović,600000000.0
Lorenzo Colombo,600000000.0
Olivier Giroud,100000000.0
Mile Svilar,3500000000.0
Rui Patrício,
Renato Marin,500000.0
Pietro Boer,300000.0
Evan Ndicka,3000000000.0
Gianluca Mancini,1500000000.0
Diego Llorente,300000000.0
Chris Smalling,120000000.0
Matteo Plaia,400000.0
Lovro Golic,400000.0
Angeliño,1700000000.0
Leonardo Spinazzola,350000000.0
Jan Oliveras,50000.0
Rasmus Kristensen,1400000000.0
Zeki Çelik,1200000000.0
Rick Karsdorp,250000000.0
Mattia Mannini,100000000.0
Bryan Cristante,700000000.0
Leandro Paredes,500000000.0
Martin Vetkal,350000.0
Edoardo Bove,500000000.0
Renato Sanches,250000000.0
Niccolò Pisilli,1200000000.0
Riccardo Pagano,250000000.0
Francesco D'Alessio,400000.0
Nicola Zalewski,1500000000.0
Lorenzo Pellegrini,900000000.0
Tommaso Baldanzi,1000000000.0
Houssem Aouar,800000000.0
Stephan El Shaarawy,250000000.0
Luigi Cherubini,220000000.0
Ola Solbakken,180000000.0
João Costa,250000000.0
Paulo Dybala,500000000.0
Filippo Alessio,350000.0
Tammy Abraham,1400000000.0
Romelu Lukaku,1500000000.0
Sardar Azmoun,700000000.0
Andrea Belotti,150000000.0
Wladimiro Falcone,350000000.0
Federico Brancolini,200000.0
Alexandru Borbei,150000.0
Jasper Samooja,75000.0
Marin Pongracic,750000000.0
Federico Baschirotto,400000000.0
Ahmed Touba,250000000.0
Kastriot Dermaku,
Sebastian Esposito,500000.0
Mats Lemmens,500000.0
Zinedin Smajlović,150000000.0
Patrick Dorgu,3000000000.0
Antonino Gallo,400000000.0
Valentin Gendrey,700000000.0
Lorenzo Venuti,400000.0
Ylber Ramadani,180000000.0
Alexis Blin,900000.0
Giacomo Faticanti,120000000.0
Youssef Maleh,100000000.0
Joan González,
Mohamed Kaba,150000000.0
Hamza Rafia,900000.0
Daniel Samek,450000.0
Thórir Jóhann Helgason,230000000.0
Medon Berisha,600000000.0
Rémi Oudin,120000000.0
Marcin Listkowski,100000.0
Lameck Banda,300000000.0
Federico Di Francesco,750000.0
Nicola Sansone,
Gabriel Strefezza,700000000.0
Pontus Almqvist,200000000.0
Santiago Pierotti,350000000.0
Jeppe Corfitzen,225000.0
Nikola Krstović,2000000000.0
Roberto Piccoli,1800000000.0
Assan Ceesay,100000000.0
Rareș Burnete,600000.0
Joel Voelkerling Persson,250000.0
Elia Caprile,1500000000.0
Samuele Perisan,400000.0
Etrit Berisha,200000.0
Lovro Stubljar,300000.0
Jacopo Seghetti,800000.0
Filippo Vertua,150000.0
Sebastiano Luperto,400000000.0
Ardian Ismajli,600000000.0
Gabriele Guarino,250000000.0
Saba Goglichidze,450000000.0
Lorenzo Tonelli,
Gabriele Indragoli,150000.0
Luca Marianucci,750000000.0
Giuseppe Pezzella,250000000.0
Liberato Cacace,300000000.0
Sebastian Walukiewicz,450000000.0
Tyronne Ebuehi,800000.0
Bartosz Bereszyński,450000.0
Alberto Grassi,180000000.0
Jacopo Fazzini,900000000.0
Filippo Ranocchia,300000000.0
Răzvan Marin,300000000.0
Szymon Żurkowski,500000.0
Simone Bastoni,700000.0
Liam Henderson,100000000.0
Luca Belardinelli,700000.0
Nicolas Haas,700000.0
Giovanni Crociata,450000.0
Lorenzo Ignacchiti,200000000.0
Iwo Kaczmarski,500000.0
Emmanuel Gyasi,100000000.0
Petar Stojanović,600000.0
Daniel Maldini,800000000.0
Viktor Kovalenko,800000.0
Andrea Sodero,150000.0
Nicolò Cambiaghi,1800000000.0
Emmanuel Ekong,550000.0
Matteo Cancellieri,550000000.0
M'Baye Niang,800000.0
Stiven Shpendi,270000000.0
Alberto Cerri,600000.0
Francesco Caputo,
Mattia Destro,250000.0
Giacomo Corona,500000.0
Josep Martínez,900000000.0
Nicola Leali,150000000.0
Franz Stolz,350000.0
Simone Calvani,100000.0
Daniele Sommariva,100000.0
Koni De Winter,2000000000.0
Johan Vásquez,1300000000.0
Alan Matturro,400000000.0
Mattia Bani,150000000.0
Giorgio Cittadini,900000.0
Alessandro Vogliacco,250000000.0
Davide Biraschi,400000.0
Faroukou Cissé,
Tommaso Pittino,150000.0
Djed Spence,3200000000.0
Aarón Martín,700000000.0
Ridgeciano Haps,700000.0
Silvan Hefti,700000.0
Stefano Sabelli,140000000.0
Morten Frendrup,1800000000.0
Milan Badelj,
Berkan Kutlu,250000000.0
Morten Thorsby,300000000.0
Pablo Galdames,130000000.0
Filippo Melegoni,500000.0
Kevin Strootman,
Léandre Kuavita,120000000.0
Riccardo Arboscello,225000.0
Ruslan Malinovskyi,250000000.0
Mattia Aramu,800000.0
Filip Jagiello,100000000.0
Christos Papadopoulos,600000.0
Junior Messias,120000000.0
Seydou Fini,150000000.0
Albert Gudmundsson,1300000000.0
Mateo Retegui,4000000000.0
Vitinha,800000000.0
David Ankeye,700000.0
Caleb Ekuban,130000000.0
George Pușcaș,900000.0
Massimo Coda,400000.0
Yoan Bornosuzov,200000.0
Yann Sommer,250000000.0
Emil Audero,320000000.0
Raffaele Di Gennaro,300000.0
Alessandro Calligaris,400000.0
Alessandro Bastoni,8000000000.0
Yann Bisseck,3500000000.0
Stefan de Vrij,350000000.0
Francesco Acerbi,250000000.0
Giacomo Stabile,120000000.0
Federico Dimarco,5000000000.0
Carlos Augusto,2600000000.0
Matteo Motta,200000.0
Denzel Dumfries,2500000000.0
Matteo Darmian,150000000.0
Tommaso Guercio,400000.0
Hakan Çalhanoğlu,2200000000.0
Kristjan Asllani,1300000000.0
Aleksandar Stanković,1500000000.0
Nicolò Barella,6000000000.0
Davide Frattesi,2800000000.0
Henrikh Mkhitaryan,350000000.0
Davy Klaassen,250000000.0
Stefano Sensi,120000000.0
Ebenezer Akinsanmiro,650000000.0
Issiaka Kamate,100000000.0
Juan Cuadrado,100000000.0
Tajon Buchanan,1000000000.0
Joaquín Correa,300000000.0
Lautaro Martínez,8500000000.0
Marcus Thuram,6000000000.0
Alexis Sánchez,140000000.0
Amadou Sarr,150000.0
Michele Di Gregorio,1800000000.0
Alessandro Sorrentino,450000.0
Stefano Gori,375000.0
Eugenio Lamanna,
Andrea Mazza,125000.0
Andrea Carboni,250000000.0
Pablo Marí,250000000.0
Armando Izzo,130000000.0
Luca Caldirola,400000.0
Davide Bettella,300000.0
Danilo D'Ambrosio,
Georgios Kyriakopoulos,200000000.0
Franco Carboni,900000.0
Samuele Birindelli,250000000.0
Pedro Pereira,120000000.0
Giulio Donati,200000.0
Leonardo Colombo,400000.0
Matteo Pessina,500000000.0
Warren Bondo,850000000.0
Roberto Gagliardini,140000000.0
Jean-Daniel Akpa Akpro,500000.0
Alessandro Berretta,350000.0
Alessio Zerbin,220000000.0
Patrick Ciurria,100000000.0
Andrea Colpani,600000000.0
Valentín Carboni,1000000000.0
Samuele Vignato,250000000.0
Matija Popović,150000000.0
Pepín Machín,150000.0
Andrea Ferraris,600000.0
Gianluca Caprari,750000.0
Dany Mota,350000000.0
Andrea Petagna,500000.0
Mirko Marić,500000.0
Ivan Provedel,300000000.0
Christos Mandas,500000000.0
Luigi Sepe,225000.0
Federico Magro,300000.0
Marius Adamonis,100000000.0
Alessio Furlanetto,50000.0
Davide Renzetti,100000.0
Alessio Romagnoli,700000000.0
Nicolò Casale,500000000.0
Mario Gila,3000000000.0
Patric,150000000.0
Fabio Andrea Ruggeri,170000000.0
Matteo Duțu,250000.0
Luca Pellegrini,350000000.0
Dimitrije Kamenovic,300000.0
Adam Marusic,300000000.0
Manuel Lazzari,250000000.0
Elseid Hysaj,150000000.0
Nicolò Rovella,2800000000.0
Danilo Cataldi,350000000.0
Mattéo Guendouzi,2800000000.0
Matías Vecino,150000000.0
Larsson Coulibaly,
Daichi Kamada,1200000000.0
Luis Alberto,500000000.0
André Anderson,125000.0
Luca Napolitano,50000.0
Mattia Zaccagni,1500000000.0
Felipe Anderson,250000000.0
Saná Fernandes,700000.0
Gustav Isaksen,1700000000.0
Pedro,100000000.0
Diego González,400000000.0
Cristiano Lombardi,
Taty Castellanos,2500000000.0
Ciro Immobile,200000000.0
Simone Scuffet,100000000.0
Boris Radunović,800000.0
Velizar-Iliya Iliev,250000.0
Simone Aresti,
Alberto Dossena,700000000.0
Adam Obert,400000000.0
Mateusz Wieteska,150000000.0
Yerry Mina,300000000.0
Pantelis Hatzidiakos,350000000.0
Giorgio Altare,800000.0
Edoardo Goldaniga,250000000.0
Elio Capradossi,300000.0
Tommaso Augello,120000000.0
Gabriele Zappa,400000000.0
Alessandro Di Pardo,800000.0
Matteo Prati,600000000.0
Antoine Makoumbou,400000000.0
Ibrahim Sulemana,600000000.0
Nahitan Nández,450000000.0
Alessandro Deiola,160000000.0
Marko Rog,600000.0
Christos Kourfalidis,250000.0
Nunzio Lella,650000.0
Jakub Jankto,
Paulo Azzi,750000.0
Gianluca Gaetano,400000000.0
Gaetano Oristanio,600000000.0
Gastón Pereiro,250000.0
Nicolas Viola,500000.0
Marco Mancosu,
Alessandro Vinciguerra,400000.0
Jacopo Desogus,250000.0
Zito Luvumbo,350000000.0
Eldor Shomurodov,500000000.0
Gianluca Lapadula,600000.0
Kingstone Mutandwa,200000000.0
Leonardo Pavoletti,700000.0
Marco Carnesecchi,2500000000.0
Juan Musso,300000000.0
Paolo Vismara,900000.0
Francesco Rossi,100000.0
Giorgio Scalvini,2500000000.0
Berat Djimsiti,500000000.0
Sead Kolasinac,600000000.0
Rafael Tolói,100000000.0
Giovanni Bonfanti,400000000.0
José Luis Palomino,550000.0
Andrea Ceresoli,400000.0
Tommaso Del Lungo,500000.0
Pietro Comi,350000.0
Matteo Ruggeri,1500000000.0
Emil Holm,1300000000.0
Hans Hateboer,200000000.0
Marco Palestra,2500000000.0
Marten de Roon,350000000.0
Leonardo Mendicino,800000.0
Matteo Colombo,150000.0
Éderson,4000000000.0
Mario Pašalić,700000000.0
Michel Adopo,600000000.0
Alberto Manzoni,900000.0
Davide Zappacosta,350000000.0
Mitchel Bakker,400000000.0
Teun Koopmeiners,2800000000.0
Charles De Ketelaere,3500000000.0
Aleksey Miranchuk,800000000.0
Alessandro Cortinovis,325000.0
Andrea Bonanomi,400000.0
El Bilal Touré,1500000000.0
Ademola Lookman,3500000000.0
Tommaso De Nipoti,400000.0
Gianluca Scamacca,2500000000.0
Luis Muriel,100000000.0
Moustapha Cissé,800000.0
Alex Meret,1400000000.0
Pierluigi Gollini,800000.0
Nikita Contini,400000.0
Hubert Idasiak,150000.0
Amir Rrahmani,1200000000.0
Natan,2000000000.0
Leo Østigård,1000000000.0
Juan Jesus,150000000.0
Luigi D'Avino,175000.0
Mathías Olivera,1800000000.0
Mário Rui,400000.0
Giovanni Di Lorenzo,1000000000.0
Stanislav Lobotka,1800000000.0
Jens Cajuste,800000000.0
Diego Demme,500000.0
Francesco Gioielli,125000.0
Lorenzo Russo,50000.0
Frank Anguissa,2500000000.0
Piotr Zieliński,1000000000.0
Karim Zedadka,400000.0
Khvicha Kvaratskhelia,9000000000.0
Hirving Lozano,800000000.0
Matteo Politano,800000000.0
Giacomo Raspadori,2200000000.0
Victor Osimhen,7500000000.0
Giovanni Simeone,500000000.0
Oliver Christensen,150000000.0
Pietro Terracciano,100000000.0
Tommaso Martinelli,200000000.0
Tommaso Vannucchi,500000.0
Nikola Milenković,3000000000.0
Lucas Martínez Quarta,450000000.0
Luca Ranieri,700000000.0
Christian Dalle Mura,400000.0
Pietro Comuzzo,2300000000.0
Christian Biagetti,100000.0
Fabiano Parisi,450000000.0
Cristiano Biraghi,140000000.0
Niccolò Fortini,1000000000.0
Michael Kayode,2700000000.0
Dodô,1800000000.0
Rolando Mandragora,1000000000.0
Lorenzo Amatucci,500000000.0
Arthur Melo,400000000.0
Gaetano Castrovilli,750000.0
Alfred Duncan,100000000.0
Gino Infantino,500000.0
Antonín Barák,100000000.0
Giacomo Bonaventura,150000000.0
Abdelhamid Sabiri,150000000.0
Nico González,2400000000.0
Riccardo Sottil,350000000.0
Josip Brekalo,250000000.0
Maat Daniel Caprini,200000000.0
Jonathan Ikoné,500000000.0
Aleksandr Kokorin,400000.0
Lucas Beltrán,800000000.0
Christian Kouamé,250000000.0
M'Bala Nzola,600000000.0
Fallou Sene,150000.0
Gianluigi Donnarumma,4500000000.0
Arnau Tenas,400000000.0
Keylor Navas,800000.0
Sergio Rico,800000.0
Alexandre Letellier,
Louis Mouquet,150000.0
Marquinhos,3000000000.0
Lucas Beraldo,2000000000.0
Milan Škriniar,1100000000.0
Presnel Kimpembe,400000000.0
Danilo Pereira,400000000.0
Joane Gadou,1200000000.0
Nuno Mendes,7500000000.0
Lucas Hernández,2000000000.0
Layvin Kurzawa,750000.0
Serif Nhaga,250000.0
Achraf Hakimi,8000000000.0
Nordi Mukiele,1500000000.0
Yoram Zague,250000000.0
Manuel Ugarte,3000000000.0
Warren Zaïre-Emery,5000000000.0
Fabián Ruiz,4000000000.0
Carlos Soler,800000000.0
Senny Mayulu,4000000000.0
Cher Ndour,500000000.0
Kang-in Lee,2500000000.0
Marco Asensio,1500000000.0
Bradley Barcola,7000000000.0
Ismaël Gharbi,700000000.0
Ethan Mbappé,900000000.0
Kylian Mbappé,20000000000.0
Ousmane Dembélé,10000000000.0
Gonçalo Ramos,3500000000.0
Lucas Chevalier,3500000000.0
Lisandru Olmeta,200000.0
Vito Mannone,
Adam Jakubech,100000.0
Tom Negrel,50000.0
Mohamed-Amine Ezzarhouni,
Leny Yoro,5500000000.0
Bafodé Diakité,3500000000.0
Alexsandro,2000000000.0
Samuel Umtiti,
Rafael Fernandes,600000.0
Ousmane Touré,500000.0
Gabriel Gudmundsson,1500000000.0
Ismaily,700000.0
Vincent Burlet,600000.0
Tiago Santos,1200000000.0
Akim Zedadka,800000.0
Nabil Bentaleb,500000000.0
Benjamin André,400000000.0
Ignacio Miramón,120000000.0
Lilian Baret,
Ayyoub Bouaddi,4000000000.0
Alan Virginius,250000000.0
Angel Gomes,1800000000.0
Yusuf Yazıcı,450000000.0
Hákon Arnar Haraldsson,2200000000.0
Rémy Cabella,150000000.0
Tiago Morais,250000000.0
Ivan Cavaleiro,500000.0
Joffrey Bazié,50000.0
Edon Zhegrova,2000000000.0
Adam Ounas,150000000.0
Aaron Malouda,500000.0
Ichem Ferrah,650000.0
Adame Faïz,
Jonathan David,3500000000.0
Andrej Ilic,600000000.0
Amine Messoussa,250000.0
Trévis Dago,300000.0
Guillaume Restes,2000000000.0
Álex Domínguez,250000.0
Thomas Himeur,
Justin Lacombe,
Logan Costa,1800000000.0
Christian Mawissa,1500000000.0
Rasmus Nicolaisen,500000000.0
Moussa Diarra,150000000.0
Kévin Keben,160000000.0
Nicolas Wasbauer,
Gabriel Suazo,700000000.0
Oliver Zandén,700000.0
Ylies Aradj,300000.0
Mikkel Desler,180000000.0
Warren Kamanzi,150000000.0
Rafik Messali,800000.0
Stijn Spierings,120000000.0
Vincent Sierro,380000000.0
Cristian Cásseres Jr.,700000000.0
Niklas Schmidt,150000000.0
Kléri Serber,400000.0
Noah Lahmadi,100000.0
Aron Dønnum,500000000.0
Denis Genreau,750000.0
César Gelabert,300000000.0
Naatan Skyttä,500000000.0
Edhy Zuliani,250000.0
Yann Gboho,1200000000.0
Ibrahim Cissoko,140000000.0
Zakaria Aboukhlal,900000000.0
Shavy Babicka,150000000.0
Mamady Bangré,400000.0
Noah Edjouma,250000000.0
Thijs Dallinga,1200000000.0
Frank Magri,400000000.0
Yanis Begraoui,400000000.0
Bonota Traoré,150000.0
Guillaume Dietsch,250000.0
Alexandre Oukidja,200000.0
Marc-Aurèle Caillard,100000.0
Fali Candé,300000000.0
Christophe Hérelle,300000.0
Sadibou Sané,400000000.0
Aboubacar Lô,600000.0
Ismaël Traoré,
Albin Demouchy,400000.0
Charles Divialle,
Matthieu Udol,500000000.0
Kevin Van Den Kerkhof,150000000.0
Koffi Kouao,250000000.0
Maxime Colin,300000.0
Sofiane Alakouch,200000.0
Habib Maïga,220000000.0
Danley Jean Jacques,300000000.0
Kévin N'Doram,120000000.0
Warren Tchimbembé,
Lamine Camara,3000000000.0
Arthur Atta,1500000000.0
Jean N'Guessan,400000.0
Joseph Nduquidi,350000.0
Sami Lahssaini,600000.0
Ablie Jallow,800000.0
Youssef Maziz,100000000.0
Cheikh Sabaly,350000000.0
Papa Amadou Diallo,500000000.0
Didier Lamkel Zé,
Maïdine Douane,600000.0
Joel Asoro,900000.0
Malick Mbaye,400000.0
Georges Mikautadze,2800000000.0
Óscar Estupiñán,380000000.0
Simon Elisor,150000000.0
Benjamin Tetteh,100000000.0
Ibou Sané,800000.0
Lucas Perri,1600000000.0
Anthony Lopes,100000000.0
Mathieu Patouillet,700000.0
Justin Bengui,250000.0
Rémy Riou,100000.0
Duje Caleta-Car,300000000.0
Sinaly Diomandé,400000000.0
Adryelson,300000000.0
Clinton Mata,300000000.0
Dejan Lovren,500000.0
Mamadou Sarr,2500000000.0
Nicolás Tagliafico,500000000.0
Henrique Silva,500000.0
Jake O'Brien,1600000000.0
Ainsley Maitland-Niles,1000000000.0
Saël Kumbedi,900000000.0
Johann Lepenant,700000000.0
Nemanja Matić,180000000.0
Maxence Caqueret,1500000000.0
Corentin Tolisso,1200000000.0
Mahamadou Diawara,200000000.0
Mohamed El Arouch,300000.0
Chaïm El Djebali,75000.0
Rayan Cherki,5000000000.0
Jeff Reine-Adélaïde,700000.0
Malick Fofana,3000000000.0
Jeffinho,450000000.0
Ernest Nuamah,1200000000.0
Gift Orban,850000000.0
Alexandre Lacazette,500000000.0
Mama Baldé,350000000.0
Tino Kadewere,180000000.0
Alaa Bellaarouch,400000.0
Matthieu Dreyer,
Alexandre Pierre,400000.0
Abakar Sylla,300000000.0
Ismaël Doukouré,1800000000.0
Gerzino Nyamsi,400000000.0
Lucas Perrin,200000000.0
Saïdou Sow,300000000.0
Steven Baseya,400000.0
Eduard Sobol,700000.0
Thomas Delaine,500000.0
Maxime Bastian,400000.0
Elies Araar Fernandez,
Frédéric Guilbert,800000.0
Marvin Senaya,300000000.0
Karol Fila,250000.0
Junior Mwanga,700000000.0
Ibrahima Sissoko,300000000.0
Jean-Eudes Aholou,150000000.0
Rabby Nzingoula,200000000.0
Habib Diarra,3200000000.0
Jessy Deminguet,250000000.0
Sanjin Prcic,250000.0
Samir El Mourabet,800000000.0
Tidiane Diallo,
Jérémy Sebas,600000.0
Tom Saettel,
Ângelo,1200000000.0
Dilane Bakwa,3200000000.0
Emmanuel Emegha,2800000000.0
Moïse Sahi Dion,700000.0
Lebo Mothiba,900000.0
Kévin Gameiro,
Mohamed Bechikh,100000.0
Aboubacar Ali,250000.0
Patrick Ouotro,400000.0
Yehvann Diouf,900000000.0
Alexandre Olliero,150000.0
Ludovic Butelle,
Joseph Okumu,500000000.0
Emmanuel Agbadou,1800000000.0
Check Keita,250000000.0
Yunis Abdelhamid,350000.0
Fallou Fall,300000000.0
Arthur Tchaptchet,100000.0
Abdoul Koné,500000000.0
Thibault De Smet,200000000.0
Nhoa Sangui,500000000.0
Thomas Foket,600000.0
Maxime Busi,800000.0
Thérence Koudou,300000000.0
Ibrahim Diakité,120000000.0
Killian Prouchet,
Azor Matusiwa,1100000000.0
Benjamin Stambouli,300000.0
Amadou Koné,600000000.0
Samuel Koeberlé,50000.0
Marshall Munetsi,1200000000.0
Teddy Teuma,250000000.0
Amir Richardson,450000000.0
Valentin Atangana,1500000000.0
Yaya Fofana,250000000.0
Kamory Doumbia,700000000.0
Reda Khadra,180000000.0
Mohamed Daramy,300000000.0
Keito Nakamura,800000000.0
Mamadou Diakhon,500000000.0
Ike Orazi,75000.0
Junya Ito,350000000.0
Oumar Diakité,500000000.0
Amine Salama,150000000.0
Adama Bojang,800000.0
Christ Letono,150000.0
Pau López,250000000.0
Rubén Blanco,800000.0
Simon Ngapandouetnbu,150000000.0
Jelle Van Neck,
Leonardo Balerdi,2000000000.0
Chancel Mbemba,250000000.0
Samuel Gigot,150000000.0
Isaak Touré,250000000.0
Bamo Meïté,400000000.0
Roggerio Nyakossi,800000.0
Yakine Said M'Madi,50000.0
Stéphane Sparagna,
Renan Lodi,1200000000.0
Quentin Merlin,1200000000.0
Ulisses Garcia,300000000.0
Emran Soglo,400000.0
Jonathan Clauss,450000000.0
Amir Murillo,1000000000.0
Amay Caprice,
Léo Jousselin,
Brice Negouai,300000.0
Geoffrey Kondogbia,500000000.0
Jean Onana,130000000.0
Raimane Daou,100000.0
Noam Mayoka-Tika,300000.0
Jordan Veretout,350000000.0
Azzedine Ounahi,1000000000.0
Valentin Rongier,900000000.0
Pape Gueye,2000000000.0
Bilal Nadir,900000000.0
Paolo Sciortino,
Gaël Lafont,
Luis Henrique,2300000000.0
Alexandre Tunkadi,
Darryl Bakola,400000000.0
Amine Harit,600000000.0
Ismaïla Sarr,3500000000.0
Iliman Ndiaye,4500000000.0
Cengiz Ünder,700000000.0
François Mughe,200000.0
Alexis Kabamba,
Keyliane Abdallah,50000.0
Faris Moumbagna,500000000.0
Pierre-Emerick Aubameyang,300000000.0
Sofiane Sidi Ali,
Iuri Moreira,
Yvon Mvogo,300000000.0
Alfred Gomis,300000.0
Dominique Youfeigane,100000.0
Montassar Talbi,700000000.0
Formose Mendy,220000000.0
Nathaniel Adjei,120000000.0
Julien Laporte,900000.0
Loris Mouyokolo,600000.0
Aurélien Pelon,
Carmel Mabanza,150000.0
Enzo Genton,200000.0
Benjamin Mendy,800000.0
Darlin Yongwa,400000000.0
Gino Caoki,
Vincent Le Goff,
Gédéon Kalulu,160000000.0
Igor Silva,100000000.0
Laurent Abergel,200000000.0
Tiemoué Bakayoko,800000.0
Bonke Innocent,250000.0
Imrân Louza,1000000000.0
Ayman Kari,900000.0
Arthur Avom,900000000.0
Joel Mvuka,200000000.0
Panos Katseris,200000000.0
Théo Le Bris,200000000.0
Dembo Sylla,100000000.0
Jean-Victor Makengo,250000000.0
Julien Ponceau,250000000.0
Quentin Boisgard,400000.0
Pablo Pagis,500000000.0
Bassirou N'Diaye,
Badredine Bouanani,1200000000.0
Royce Openda,100000.0
Junior Kroupi,2200000000.0
Mohamed Bamba,250000000.0
Bamba Dieng,180000000.0
Aiyegun Tosin,200000000.0
Adrian Grbic,900000.0
Siriné Doucouré,325000.0
Alban Lafont,300000000.0
Rémy Descamps,200000000.0
Hugo Barbet,50000.0
Denis Petric,
Nathan Zézé,1800000000.0
Eray Cömert,200000000.0
Jean-Kévin Duverne,250000000.0
Jean-Charles Castelletto,320000000.0
Bastien Meupiyou,400000000.0
Nicolas Pallois,300000.0
Junior Diaz,500000000.0
Yannis M'Bemba,225000.0
Robin Voisine,300000.0
Enzo Mongo,
Jaouen Hadjam,800000000.0
Hugo Boutsingkham,75000.0
Ronaël Pierre-Gabriel,250000000.0
Kelvin Amian,250000000.0
Marcus Coco,850000.0
Pedro Chirivella,500000000.0
Lamine Diack,500000.0
Mathis Oger,
Douglas Augusto,700000000.0
Samuel Moutoussamy,120000000.0
Moussa Sissoko,300000.0
Mohamed Achi,150000.0
Dehmaine Tabibou,200000000.0
Florent Mollet,600000.0
Moses Simon,700000000.0
Abdoul Kader Bamba,100000000.0
Adel Mahamoud,
Adson,250000000.0
Stredair Appuah,700000.0
Mostafa Mohamed,400000000.0
Matthis Abline,2000000000.0
Ignatius Ganago,200000000.0
Joe-Loïc Affamah,
Marcin Bulka,1700000000.0
Maxime Dupé,800000.0
Salvatore Sirigu,200000.0
Teddy Boulhendi,200000.0
Jean-Clair Todibo,2300000000.0
Youssouf Ndayishimiye,800000000.0
Robson Bambu,280000000.0
Antoine Mendy,400000000.0
Dante,500000.0
Amidou Doumbouya,200000.0
Yannis Nahounou,150000.0
Melvin Bard,1000000000.0
Romain Perraud,700000000.0
Ayoub Amraoui,700000.0
Jordan Lotomba,500000000.0
Youcef Atal,270000000.0
Valentin Rosier,300000000.0
Pablo Rosario,800000000.0
Alexis Beka Beka,500000.0
Khéphren Thuram,4000000000.0
Hicham Boudaoui,1200000000.0
Morgan Sanson,400000000.0
Issiaga Camara,250000.0
Daouda Traoré,200000.0
Sami Wattel,
Tom Louchet,500000000.0
Alexis Claude-Maurice,1200000000.0
Jérémie Boga,800000000.0
Sofiane Diop,1000000000.0
Aliou Baldé,120000000.0
Evann Guessand,2800000000.0
Billal Brahimi,150000000.0
Kaïl Boudache,
Terem Moffi,1000000000.0
Gaëtan Laborde,350000000.0
Arthur Desmas,900000.0
Mohamed Koné,800000.0
Mathieu Gorgelin,250000.0
Paul Argney,50000.0
Arouna Sangante,800000000.0
Étienne Youté Kinkoué,300000000.0
Gautier Lloris,300000000.0
Yoann Salmier,700000.0
Yoni Gomis,350000.0
Aliou Thiaré,150000000.0
Christopher Operi,400000000.0
Cheick Doumbia,50000.0
Loïc Nego,600000.0
Oualid El Hajjam,
Abdoulaye Touré,300000000.0
Oussama Targhalline,800000000.0
Nolan Mbemba,200000.0
Aloïs Confais,275000.0
Mathéo Bodmer,150000.0
Daler Kuzyaev,350000000.0
Yassine Kechta,500000000.0
Rassoul Ndiaye,500000000.0
Simon Ebonog,100000000.0
Nabil Alioui,130000000.0
Mokrane Bentoumi,150000.0
Antoine Joujou,200000000.0
Issa Soumaré,500000000.0
Kandet Diawara,400000.0
Josué Casimir,350000000.0
Emmanuel Sabbi,250000000.0
Samuel Grandsir,700000.0
Mohamed Bayo,300000000.0
André Ayew,400000.0
Elysée Logbo,300000.0
Steve Ngoura,200000000.0
Mory Diaw,100000000.0
Massamba N'Diaye,250000.0
Théo Borne,
Théo Ramousse,
Alidu Seidu,600000000.0
Chrislain Matsima,2200000000.0
Andy Pelmard,200000000.0
Maximiliano Caufriez,900000.0
Jérémy Jacquet,2000000000.0
Florent Ogier,200000.0
Ivan M'Bahia,400000.0
Mohamed Sylla,150000.0
Neto Borges,260000000.0
Yoël Armougom,200000.0
Cheick Oumar Konaté,150000000.0
Mehdi Zeffane,250000.0
Yohann Magnin,100000000.0
Maxime Gonalons,
Johan Gastien,200000.0
Stan Berkani,
Adam Mabrouk,
Habib Keïta,180000000.0
Abdellah Baallal,250000.0
Muhammed Cham,500000000.0
Aïman Maurer,500000.0
Elbasan Rashani,500000.0
Jérémie Bela,250000.0
Ilhan Fakili,600000.0
Jim Allevinah,120000000.0
Bilal Boutobba,130000000.0
Mohamed-Amine Bouchenna,250000.0
Shamar Nicholson,320000000.0
Grejohn Kyei,400000.0
Komnen Andric,700000.0
Marco Bizot,250000000.0
Grégoire Coudert,800000.0
Yan Marillat,
Lilian Brassier,1000000000.0
Brendan Chardonnet,500000000.0
Achraf Dari,120000000.0
Julien Le Cardinal,150000000.0
Josué Escartin,300000.0
Tommy Le Verge,
Bradley Locko,700000000.0
Jordan Amavi,120000000.0
Antonin Cartillier,50000.0
Kenny Lala,180000000.0
Luck Zogbé,200000000.0
Pierre Lees-Melou,500000000.0
Jonas Martin,300000.0
Mahdi Camara,1000000000.0
Hugo Magnetti,600000000.0
Hianga'a Mbock,350000.0
Karamoko Dembélé,200000000.0
Adrien Lebeau,400000.0
Mathias Pereira Lage,350000000.0
Djibril Konté,
Romain Del Castillo,700000000.0
Axel Camblan,600000.0
Martín Satriano,600000000.0
Steve Mounié,180000000.0
Jérémy Le Douaron,250000000.0
Radoslaw Majecki,400000000.0
Philipp Köhn,400000000.0
Yann Lienard,100000.0
Mohammed Salisu,1000000000.0
Guillermo Maripán,400000000.0
Ritchy Valmé,100000.0
Caio Henrique,1500000000.0
Ismail Jakobs,600000000.0
Kassoum Ouattara,900000000.0
Vanderson,2000000000.0
Ruben Aguilar,300000000.0
Nazim Babaï,75000.0
Youssouf Fofana,2800000000.0
Denis Zakaria,2500000000.0
Mohamed Camara,1100000000.0
Soungoutou Magassa,1700000000.0
Eliot Matazo,200000000.0
Edan Diop,200000000.0
Mayssam Benama,200000.0
Aurélien Platret,500000.0
Aleksandr Golovin,1800000000.0
Félix Lemaréchal,1000000000.0
Saïmon Bouabré,400000000.0
Takumi Minamino,1200000000.0
Eliesse Ben Seghir,2400000000.0
Lucas Michal,250000000.0
Maghnes Akliouche,4500000000.0
Krépin Diatta,600000000.0
Gelson Martins,250000000.0
Malamine Efekele,500000.0
Folarin Balogun,2200000000.0
Breel Embolo,1200000000.0
Wissam Ben Yedder,800000.0
Myron Boadu,500000000.0
Brice Samba,1000000000.0
Wuilker Fariñez,800000.0
Jean-Louis Leca,
Yannick Pandor,400000.0
Kevin Danso,2200000000.0
Facundo Medina,2000000000.0
Jonathan Gradit,300000000.0
Abdukodir Khusanov,3500000000.0
Keny Mbala,
Deiver Machado,250000000.0
Jhoanner Chávez,300000000.0
Massadio Haïdara,900000.0
Przemyslaw Frankowski,700000000.0
Tom Pouilly,100000000.0
Salis Abdul Samed,450000000.0
Nampalys Mendy,120000000.0
Noah Diliberto,250000.0
Fodé Sylla,100000000.0
Andy Diouf,1800000000.0
Neil El Aynaoui,2000000000.0
Adrien Thomasson,450000000.0
Jimmy Cabot,
David Da Costa,600000000.0
Angelo Fulgini,500000000.0
Ayanda Sishuba,100000000.0
Nolan Bonte,
Adam Abeddou,
Óscar Cortés,200000000.0
Anthony Bermont,100000000.0
Morgan Guilavogui,400000000.0
Elye Wahi,1200000000.0
Wesley Saïd,400000000.0
Florian Sotoca,150000000.0
Ibrahima Baldé,500000.0
Benjamin Lecomte,120000000.0
Dimitry Bertaud,900000.0
Belmin Dizdarevic,100000.0
Becir Omeragic,400000000.0
Kiki Kouyaté,250000000.0
Modibo Sagnan,200000000.0
Christopher Jullien,700000.0
Mamadou Sakho,
Téo Allix,125000.0
Issiaga Sylla,900000.0
Lucas Mincarelli,700000.0
Théo Sainte-Luce,700000.0
Falaye Sacko,120000000.0
Enzo Tchato,180000000.0
Joris Chotard,600000000.0
Khalil Fayad,200000000.0
Jordan Ferri,500000.0
Léo Leroy,300000000.0
Théo Chennahi,600000.0
Téji Savanier,180000000.0
Sacha Delaye,250000.0
Wahbi Khazri,
Arnaud Nordin,400000000.0
Mousa Tamari,600000000.0
Tanguy Coulibaly,150000000.0
Axel Guéguin,150000.0
Othmane Maamma,130000000.0
Akor Adams,700000000.0
Kelvin Yeboah,600000000.0
Yanis Issoufou,100000.0
Serigne Faye,300000.0
Yanis Guermouche,400000.0
Junior Ndiaye,150000.0
Gauthier Gallon,600000.0
Steve Mandanda,
Geoffrey Lembet,75000.0
Yann Batola,
Arthur Theate,2400000000.0
Jeanuël Belocian,1200000000.0
Warmed Omari,300000000.0
Christopher Wooh,500000000.0
Mohamed Jaouab,600000.0
Adrien Truffert,2000000000.0
Birger Meling,150000000.0
Mahamadou Nagida,150000000.0
Guéla Doué,1800000000.0
Rayan Bamba,100000000.0
Baptiste Santamaria,450000000.0
Benjamin Bourigeaud,500000000.0
Enzo Le Fée,2000000000.0
Flavien Tait,300000.0
Djaoui Cissé,1500000000.0
Ludovic Blas,1500000000.0
Fabian Rieder,800000000.0
Martin Terrier,1200000000.0
Ibrahim Salah,200000000.0
Désiré Doué,9000000000.0
Amine Gouiri,2800000000.0
Arnaud Kalimuendo,2500000000.0
Bertuğ Yıldırım,220000000.0
Mathis Lambourde,800000.0
